// Auto-generated Thai + ASCII VLW Font Header for LovyanGFX
// Font: Ayuthaya 16px
#pragma once
#include <stdint.h>

const uint32_t thai_font_vlw_size = 25486;
const uint8_t thai_font_vlw[] = {
    0x00, 0x00, 0x00, 0xC0, 0x00, 0x00, 0x00, 0x0B, 0x00, 0x00, 0x00, 0x10, 0x00, 0x00, 0x00, 0x00,
    0x00, 0x00, 0x00, 0x12, 0x00, 0x00, 0x00, 0x06, 0x00, 0x00, 0x00, 0x20, 0x00, 0x00, 0x00, 0x00,
    0x00, 0x00, 0x00, 0x00, 0x00, 0x00, 0x00, 0x0A, 0x00, 0x00, 0x00, 0x00, 0x00, 0x00, 0x00, 0x00,
    0x00, 0x00, 0x00, 0x00, 0x00, 0x00, 0x00, 0x21, 0x00, 0x00, 0x00, 0x0C, 0x00, 0x00, 0x00, 0x0A,
    0x00, 0x00, 0x00, 0x0A, 0x00, 0x00, 0x00, 0x0C, 0x00, 0x00, 0x00, 0x00, 0x00, 0x00, 0x00, 0x00,
    0x00, 0x00, 0x00, 0x22, 0x00, 0x00, 0x00, 0x0D, 0x00, 0x00, 0x00, 0x0A, 0x00, 0x00, 0x00, 0x0A,
    0x00, 0x00, 0x00, 0x0D, 0x00, 0x00, 0x00, 0x00, 0x00, 0x00, 0x00, 0x00, 0x00, 0x00, 0x00, 0x23,
    0x00, 0x00, 0x00, 0x0C, 0x00, 0x00, 0x00, 0x0A, 0x00, 0x00, 0x00, 0x0A, 0x00, 0x00, 0x00, 0x0C,
    0x00, 0x00, 0x00, 0x00, 0x00, 0x00, 0x00, 0x00, 0x00, 0x00, 0x00, 0x24, 0x00, 0x00, 0x00, 0x0E,
    0x00, 0x00, 0x00, 0x0A, 0x00, 0x00, 0x00, 0x0A, 0x00, 0x00, 0x00, 0x0D, 0x00, 0x00, 0x00, 0x00,
    0x00, 0x00, 0x00, 0x00, 0x00, 0x00, 0x00, 0x25, 0x00, 0x00, 0x00, 0x0D, 0x00, 0x00, 0x00, 0x0A,
    0x00, 0x00, 0x00, 0x0A, 0x00, 0x00, 0x00, 0x0D, 0x00, 0x00, 0x00, 0x00, 0x00, 0x00, 0x00, 0x00,
    0x00, 0x00, 0x00, 0x26, 0x00, 0x00, 0x00, 0x0C, 0x00, 0x00, 0x00, 0x0A, 0x00, 0x00, 0x00, 0x0A,
    0x00, 0x00, 0x00, 0x0C, 0x00, 0x00, 0x00, 0x00, 0x00, 0x00, 0x00, 0x00, 0x00, 0x00, 0x00, 0x27,
    0x00, 0x00, 0x00, 0x0D, 0x00, 0x00, 0x00, 0x0A, 0x00, 0x00, 0x00, 0x0A, 0x00, 0x00, 0x00, 0x0D,
    0x00, 0x00, 0x00, 0x00, 0x00, 0x00, 0x00, 0x00, 0x00, 0x00, 0x00, 0x28, 0x00, 0x00, 0x00, 0x10,
    0x00, 0x00, 0x00, 0x0A, 0x00, 0x00, 0x00, 0x0A, 0x00, 0x00, 0x00, 0x0D, 0x00, 0x00, 0x00, 0x00,
    0x00, 0x00, 0x00, 0x00, 0x00, 0x00, 0x00, 0x29, 0x00, 0x00, 0x00, 0x10, 0x00, 0x00, 0x00, 0x0A,
    0x00, 0x00, 0x00, 0x0A, 0x00, 0x00, 0x00, 0x0D, 0x00, 0x00, 0x00, 0x00, 0x00, 0x00, 0x00, 0x00,
    0x00, 0x00, 0x00, 0x2A, 0x00, 0x00, 0x00, 0x0C, 0x00, 0x00, 0x00, 0x0A, 0x00, 0x00, 0x00, 0x0A,
    0x00, 0x00, 0x00, 0x0C, 0x00, 0x00, 0x00, 0x00, 0x00, 0x00, 0x00, 0x00, 0x00, 0x00, 0x00, 0x2B,
    0x00, 0x00, 0x00, 0x08, 0x00, 0x00, 0x00, 0x0A, 0x00, 0x00, 0x00, 0x0A, 0x00, 0x00, 0x00, 0x08,
    0x00, 0x00, 0x00, 0x00, 0x00, 0x00, 0x00, 0x00, 0x00, 0x00, 0x00, 0x2C, 0x00, 0x00, 0x00, 0x05,
    0x00, 0x00, 0x00, 0x0A, 0x00, 0x00, 0x00, 0x0A, 0x00, 0x00, 0x00, 0x02, 0x00, 0x00, 0x00, 0x00,
    0x00, 0x00, 0x00, 0x00, 0x00, 0x00, 0x00, 0x2D, 0x00, 0x00, 0x00, 0x05, 0x00, 0x00, 0x00, 0x0A,
    0x00, 0x00, 0x00, 0x0A, 0x00, 0x00, 0x00, 0x05, 0x00, 0x00, 0x00, 0x00, 0x00, 0x00, 0x00, 0x00,
    0x00, 0x00, 0x00, 0x2E, 0x00, 0x00, 0x00, 0x02, 0x00, 0x00, 0x00, 0x0A, 0x00, 0x00, 0x00, 0x0A,
    0x00, 0x00, 0x00, 0x02, 0x00, 0x00, 0x00, 0x00, 0x00, 0x00, 0x00, 0x00, 0x00, 0x00, 0x00, 0x2F,
    0x00, 0x00, 0x00, 0x0C, 0x00, 0x00, 0x00, 0x0A, 0x00, 0x00, 0x00, 0x0A, 0x00, 0x00, 0x00, 0x0C,
    0x00, 0x00, 0x00, 0x00, 0x00, 0x00, 0x00, 0x00, 0x00, 0x00, 0x00, 0x30, 0x00, 0x00, 0x00, 0x0C,
    0x00, 0x00, 0x00, 0x0A, 0x00, 0x00, 0x00, 0x0A, 0x00, 0x00, 0x00, 0x0C, 0x00, 0x00, 0x00, 0x00,
    0x00, 0x00, 0x00, 0x00, 0x00, 0x00, 0x00, 0x31, 0x00, 0x00, 0x00, 0x0C, 0x00, 0x00, 0x00, 0x0A,
    0x00, 0x00, 0x00, 0x0A, 0x00, 0x00, 0x00, 0x0C, 0x00, 0x00, 0x00, 0x00, 0x00, 0x00, 0x00, 0x00,
    0x00, 0x00, 0x00, 0x32, 0x00, 0x00, 0x00, 0x0C, 0x00, 0x00, 0x00, 0x0A, 0x00, 0x00, 0x00, 0x0A,
    0x00, 0x00, 0x00, 0x0C, 0x00, 0x00, 0x00, 0x00, 0x00, 0x00, 0x00, 0x00, 0x00, 0x00, 0x00, 0x33,
    0x00, 0x00, 0x00, 0x0C, 0x00, 0x00, 0x00, 0x0A, 0x00, 0x00, 0x00, 0x0A, 0x00, 0x00, 0x00, 0x0C,
    0x00, 0x00, 0x00, 0x00, 0x00, 0x00, 0x00, 0x00, 0x00, 0x00, 0x00, 0x34, 0x00, 0x00, 0x00, 0x0C,
    0x00, 0x00, 0x00, 0x0A, 0x00, 0x00, 0x00, 0x0A, 0x00, 0x00, 0x00, 0x0C, 0x00, 0x00, 0x00, 0x00,
    0x00, 0x00, 0x00, 0x00, 0x00, 0x00, 0x00, 0x35, 0x00, 0x00, 0x00, 0x0C, 0x00, 0x00, 0x00, 0x0A,
    0x00, 0x00, 0x00, 0x0A, 0x00, 0x00, 0x00, 0x0C, 0x00, 0x00, 0x00, 0x00, 0x00, 0x00, 0x00, 0x00,
    0x00, 0x00, 0x00, 0x36, 0x00, 0x00, 0x00, 0x0C, 0x00, 0x00, 0x00, 0x0A, 0x00, 0x00, 0x00, 0x0A,
    0x00, 0x00, 0x00, 0x0C, 0x00, 0x00, 0x00, 0x00, 0x00, 0x00, 0x00, 0x00, 0x00, 0x00, 0x00, 0x37,
    0x00, 0x00, 0x00, 0x0C, 0x00, 0x00, 0x00, 0x0A, 0x00, 0x00, 0x00, 0x0A, 0x00, 0x00, 0x00, 0x0C,
    0x00, 0x00, 0x00, 0x00, 0x00, 0x00, 0x00, 0x00, 0x00, 0x00, 0x00, 0x38, 0x00, 0x00, 0x00, 0x0C,
    0x00, 0x00, 0x00, 0x0A, 0x00, 0x00, 0x00, 0x0A, 0x00, 0x00, 0x00, 0x0C, 0x00, 0x00, 0x00, 0x00,
    0x00, 0x00, 0x00, 0x00, 0x00, 0x00, 0x00, 0x39, 0x00, 0x00, 0x00, 0x0C, 0x00, 0x00, 0x00, 0x0A,
    0x00, 0x00, 0x00, 0x0A, 0x00, 0x00, 0x00, 0x0C, 0x00, 0x00, 0x00, 0x00, 0x00, 0x00, 0x00, 0x00,
    0x00, 0x00, 0x00, 0x3A, 0x00, 0x00, 0x00, 0x09, 0x00, 0x00, 0x00, 0x0A, 0x00, 0x00, 0x00, 0x0A,
    0x00, 0x00, 0x00, 0x09, 0x00, 0x00, 0x00, 0x00, 0x00, 0x00, 0x00, 0x00, 0x00, 0x00, 0x00, 0x3B,
    0x00, 0x00, 0x00, 0x0C, 0x00, 0x00, 0x00, 0x0A, 0x00, 0x00, 0x00, 0x0A, 0x00, 0x00, 0x00, 0x09,
    0x00, 0x00, 0x00, 0x00, 0x00, 0x00, 0x00, 0x00, 0x00, 0x00, 0x00, 0x3C, 0x00, 0x00, 0x00, 0x08,
    0x00, 0x00, 0x00, 0x0A, 0x00, 0x00, 0x00, 0x0A, 0x00, 0x00, 0x00, 0x08, 0x00, 0x00, 0x00, 0x00,
    0x00, 0x00, 0x00, 0x00, 0x00, 0x00, 0x00, 0x3D, 0x00, 0x00, 0x00, 0x06, 0x00, 0x00, 0x00, 0x0A,
    0x00, 0x00, 0x00, 0x0A, 0x00, 0x00, 0x00, 0x06, 0x00, 0x00, 0x00, 0x00, 0x00, 0x00, 0x00, 0x00,
    0x00, 0x00, 0x00, 0x3E, 0x00, 0x00, 0x00, 0x08, 0x00, 0x00, 0x00, 0x0A, 0x00, 0x00, 0x00, 0x0A,
    0x00, 0x00, 0x00, 0x08, 0x00, 0x00, 0x00, 0x00, 0x00, 0x00, 0x00, 0x00, 0x00, 0x00, 0x00, 0x3F,
    0x00, 0x00, 0x00, 0x0C, 0x00, 0x00, 0x00, 0x0A, 0x00, 0x00, 0x00, 0x0A, 0x00, 0x00, 0x00, 0x0C,
    0x00, 0x00, 0x00, 0x00, 0x00, 0x00, 0x00, 0x00, 0x00, 0x00, 0x00, 0x40, 0x00, 0x00, 0x00, 0x0D,
    0x00, 0x00, 0x00, 0x0A, 0x00, 0x00, 0x00, 0x0A, 0x00, 0x00, 0x00, 0x0D, 0x00, 0x00, 0x00, 0x00,
    0x00, 0x00, 0x00, 0x00, 0x00, 0x00, 0x00, 0x41, 0x00, 0x00, 0x00, 0x0C, 0x00, 0x00, 0x00, 0x0A,
    0x00, 0x00, 0x00, 0x0A, 0x00, 0x00, 0x00, 0x0C, 0x00, 0x00, 0x00, 0x00, 0x00, 0x00, 0x00, 0x00,
    0x00, 0x00, 0x00, 0x42, 0x00, 0x00, 0x00, 0x0C, 0x00, 0x00, 0x00, 0x0A, 0x00, 0x00, 0x00, 0x0A,
    0x00, 0x00, 0x00, 0x0C, 0x00, 0x00, 0x00, 0x00, 0x00, 0x00, 0x00, 0x00, 0x00, 0x00, 0x00, 0x43,
    0x00, 0x00, 0x00, 0x0C, 0x00, 0x00, 0x00, 0x0A, 0x00, 0x00, 0x00, 0x0A, 0x00, 0x00, 0x00, 0x0C,
    0x00, 0x00, 0x00, 0x00, 0x00, 0x00, 0x00, 0x00, 0x00, 0x00, 0x00, 0x44, 0x00, 0x00, 0x00, 0x0C,
    0x00, 0x00, 0x00, 0x0A, 0x00, 0x00, 0x00, 0x0A, 0x00, 0x00, 0x00, 0x0C, 0x00, 0x00, 0x00, 0x00,
    0x00, 0x00, 0x00, 0x00, 0x00, 0x00, 0x00, 0x45, 0x00, 0x00, 0x00, 0x0C, 0x00, 0x00, 0x00, 0x0A,
    0x00, 0x00, 0x00, 0x0A, 0x00, 0x00, 0x00, 0x0C, 0x00, 0x00, 0x00, 0x00, 0x00, 0x00, 0x00, 0x00,
    0x00, 0x00, 0x00, 0x46, 0x00, 0x00, 0x00, 0x0C, 0x00, 0x00, 0x00, 0x0A, 0x00, 0x00, 0x00, 0x0A,
    0x00, 0x00, 0x00, 0x0C, 0x00, 0x00, 0x00, 0x00, 0x00, 0x00, 0x00, 0x00, 0x00, 0x00, 0x00, 0x47,
    0x00, 0x00, 0x00, 0x0C, 0x00, 0x00, 0x00, 0x0A, 0x00, 0x00, 0x00, 0x0A, 0x00, 0x00, 0x00, 0x0C,
    0x00, 0x00, 0x00, 0x00, 0x00, 0x00, 0x00, 0x00, 0x00, 0x00, 0x00, 0x48, 0x00, 0x00, 0x00, 0x0C,
    0x00, 0x00, 0x00, 0x0A, 0x00, 0x00, 0x00, 0x0A, 0x00, 0x00, 0x00, 0x0C, 0x00, 0x00, 0x00, 0x00,
    0x00, 0x00, 0x00, 0x00, 0x00, 0x00, 0x00, 0x49, 0x00, 0x00, 0x00, 0x0C, 0x00, 0x00, 0x00, 0x0A,
    0x00, 0x00, 0x00, 0x0A, 0x00, 0x00, 0x00, 0x0C, 0x00, 0x00, 0x00, 0x00, 0x00, 0x00, 0x00, 0x00,
    0x00, 0x00, 0x00, 0x4A, 0x00, 0x00, 0x00, 0x0C, 0x00, 0x00, 0x00, 0x0A, 0x00, 0x00, 0x00, 0x0A,
    0x00, 0x00, 0x00, 0x0C, 0x00, 0x00, 0x00, 0x00, 0x00, 0x00, 0x00, 0x00, 0x00, 0x00, 0x00, 0x4B,
    0x00, 0x00, 0x00, 0x0C, 0x00, 0x00, 0x00, 0x0A, 0x00, 0x00, 0x00, 0x0A, 0x00, 0x00, 0x00, 0x0C,
    0x00, 0x00, 0x00, 0x00, 0x00, 0x00, 0x00, 0x00, 0x00, 0x00, 0x00, 0x4C, 0x00, 0x00, 0x00, 0x0C,
    0x00, 0x00, 0x00, 0x0A, 0x00, 0x00, 0x00, 0x0A, 0x00, 0x00, 0x00, 0x0C, 0x00, 0x00, 0x00, 0x00,
    0x00, 0x00, 0x00, 0x00, 0x00, 0x00, 0x00, 0x4D, 0x00, 0x00, 0x00, 0x0C, 0x00, 0x00, 0x00, 0x0A,
    0x00, 0x00, 0x00, 0x0A, 0x00, 0x00, 0x00, 0x0C, 0x00, 0x00, 0x00, 0x00, 0x00, 0x00, 0x00, 0x00,
    0x00, 0x00, 0x00, 0x4E, 0x00, 0x00, 0x00, 0x0C, 0x00, 0x00, 0x00, 0x0A, 0x00, 0x00, 0x00, 0x0A,
    0x00, 0x00, 0x00, 0x0C, 0x00, 0x00, 0x00, 0x00, 0x00, 0x00, 0x00, 0x00, 0x00, 0x00, 0x00, 0x4F,
    0x00, 0x00, 0x00, 0x0C, 0x00, 0x00, 0x00, 0x0A, 0x00, 0x00, 0x00, 0x0A, 0x00, 0x00, 0x00, 0x0C,
    0x00, 0x00, 0x00, 0x00, 0x00, 0x00, 0x00, 0x00, 0x00, 0x00, 0x00, 0x50, 0x00, 0x00, 0x00, 0x0C,
    0x00, 0x00, 0x00, 0x0A, 0x00, 0x00, 0x00, 0x0A, 0x00, 0x00, 0x00, 0x0C, 0x00, 0x00, 0x00, 0x00,
    0x00, 0x00, 0x00, 0x00, 0x00, 0x00, 0x00, 0x51, 0x00, 0x00, 0x00, 0x0F, 0x00, 0x00, 0x00, 0x0A,
    0x00, 0x00, 0x00, 0x0A, 0x00, 0x00, 0x00, 0x0C, 0x00, 0x00, 0x00, 0x00, 0x00, 0x00, 0x00, 0x00,
    0x00, 0x00, 0x00, 0x52, 0x00, 0x00, 0x00, 0x0C, 0x00, 0x00, 0x00, 0x0A, 0x00, 0x00, 0x00, 0x0A,
    0x00, 0x00, 0x00, 0x0C, 0x00, 0x00, 0x00, 0x00, 0x00, 0x00, 0x00, 0x00, 0x00, 0x00, 0x00, 0x53,
    0x00, 0x00, 0x00, 0x0C, 0x00, 0x00, 0x00, 0x0A, 0x00, 0x00, 0x00, 0x0A, 0x00, 0x00, 0x00, 0x0C,
    0x00, 0x00, 0x00, 0x00, 0x00, 0x00, 0x00, 0x00, 0x00, 0x00, 0x00, 0x54, 0x00, 0x00, 0x00, 0x0C,
    0x00, 0x00, 0x00, 0x0A, 0x00, 0x00, 0x00, 0x0A, 0x00, 0x00, 0x00, 0x0C, 0x00, 0x00, 0x00, 0x00,
    0x00, 0x00, 0x00, 0x00, 0x00, 0x00, 0x00, 0x55, 0x00, 0x00, 0x00, 0x0C, 0x00, 0x00, 0x00, 0x0A,
    0x00, 0x00, 0x00, 0x0A, 0x00, 0x00, 0x00, 0x0C, 0x00, 0x00, 0x00, 0x00, 0x00, 0x00, 0x00, 0x00,
    0x00, 0x00, 0x00, 0x56, 0x00, 0x00, 0x00, 0x0C, 0x00, 0x00, 0x00, 0x0A, 0x00, 0x00, 0x00, 0x0A,
    0x00, 0x00, 0x00, 0x0C, 0x00, 0x00, 0x00, 0x00, 0x00, 0x00, 0x00, 0x00, 0x00, 0x00, 0x00, 0x57,
    0x00, 0x00, 0x00, 0x0C, 0x00, 0x00, 0x00, 0x0A, 0x00, 0x00, 0x00, 0x0A, 0x00, 0x00, 0x00, 0x0C,
    0x00, 0x00, 0x00, 0x00, 0x00, 0x00, 0x00, 0x00, 0x00, 0x00, 0x00, 0x58, 0x00, 0x00, 0x00, 0x0C,
    0x00, 0x00, 0x00, 0x0A, 0x00, 0x00, 0x00, 0x0A, 0x00, 0x00, 0x00, 0x0C, 0x00, 0x00, 0x00, 0x00,
    0x00, 0x00, 0x00, 0x00, 0x00, 0x00, 0x00, 0x59, 0x00, 0x00, 0x00, 0x0C, 0x00, 0x00, 0x00, 0x0A,
    0x00, 0x00, 0x00, 0x0A, 0x00, 0x00, 0x00, 0x0C, 0x00, 0x00, 0x00, 0x00, 0x00, 0x00, 0x00, 0x00,
    0x00, 0x00, 0x00, 0x5A, 0x00, 0x00, 0x00, 0x0C, 0x00, 0x00, 0x00, 0x0A, 0x00, 0x00, 0x00, 0x0A,
    0x00, 0x00, 0x00, 0x0C, 0x00, 0x00, 0x00, 0x00, 0x00, 0x00, 0x00, 0x00, 0x00, 0x00, 0x00, 0x5B,
    0x00, 0x00, 0x00, 0x10, 0x00, 0x00, 0x00, 0x0A, 0x00, 0x00, 0x00, 0x0A, 0x00, 0x00, 0x00, 0x0D,
    0x00, 0x00, 0x00, 0x00, 0x00, 0x00, 0x00, 0x00, 0x00, 0x00, 0x00, 0x5C, 0x00, 0x00, 0x00, 0x0C,
    0x00, 0x00, 0x00, 0x0A, 0x00, 0x00, 0x00, 0x0A, 0x00, 0x00, 0x00, 0x0C, 0x00, 0x00, 0x00, 0x00,
    0x00, 0x00, 0x00, 0x00, 0x00, 0x00, 0x00, 0x5D, 0x00, 0x00, 0x00, 0x10, 0x00, 0x00, 0x00, 0x0A,
    0x00, 0x00, 0x00, 0x0A, 0x00, 0x00, 0x00, 0x0D, 0x00, 0x00, 0x00, 0x00, 0x00, 0x00, 0x00, 0x00,
    0x00, 0x00, 0x00, 0x5E, 0x00, 0x00, 0x00, 0x0C, 0x00, 0x00, 0x00, 0x0A, 0x00, 0x00, 0x00, 0x0A,
    0x00, 0x00, 0x00, 0x0C, 0x00, 0x00, 0x00, 0x00, 0x00, 0x00, 0x00, 0x00, 0x00, 0x00, 0x00, 0x5F,
    0x00, 0x00, 0x00, 0x01, 0x00, 0x00, 0x00, 0x0A, 0x00, 0x00, 0x00, 0x0A, 0x00, 0x00, 0x00, 0x00,
    0x00, 0x00, 0x00, 0x00, 0x00, 0x00, 0x00, 0x00, 0x00, 0x00, 0x00, 0x60, 0x00, 0x00, 0x00, 0x0D,
    0x00, 0x00, 0x00, 0x0A, 0x00, 0x00, 0x00, 0x0A, 0x00, 0x00, 0x00, 0x0D, 0x00, 0x00, 0x00, 0x00,
    0x00, 0x00, 0x00, 0x00, 0x00, 0x00, 0x00, 0x61, 0x00, 0x00, 0x00, 0x09, 0x00, 0x00, 0x00, 0x0A,
    0x00, 0x00, 0x00, 0x0A, 0x00, 0x00, 0x00, 0x09, 0x00, 0x00, 0x00, 0x00, 0x00, 0x00, 0x00, 0x00,
    0x00, 0x00, 0x00, 0x62, 0x00, 0x00, 0x00, 0x0D, 0x00, 0x00, 0x00, 0x0A, 0x00, 0x00, 0x00, 0x0A,
    0x00, 0x00, 0x00, 0x0D, 0x00, 0x00, 0x00, 0x00, 0x00, 0x00, 0x00, 0x00, 0x00, 0x00, 0x00, 0x63,
    0x00, 0x00, 0x00, 0x09, 0x00, 0x00, 0x00, 0x0A, 0x00, 0x00, 0x00, 0x0A, 0x00, 0x00, 0x00, 0x09,
    0x00, 0x00, 0x00, 0x00, 0x00, 0x00, 0x00, 0x00, 0x00, 0x00, 0x00, 0x64, 0x00, 0x00, 0x00, 0x0D,
    0x00, 0x00, 0x00, 0x0A, 0x00, 0x00, 0x00, 0x0A, 0x00, 0x00, 0x00, 0x0D, 0x00, 0x00, 0x00, 0x00,
    0x00, 0x00, 0x00, 0x00, 0x00, 0x00, 0x00, 0x65, 0x00, 0x00, 0x00, 0x09, 0x00, 0x00, 0x00, 0x0A,
    0x00, 0x00, 0x00, 0x0A, 0x00, 0x00, 0x00, 0x09, 0x00, 0x00, 0x00, 0x00, 0x00, 0x00, 0x00, 0x00,
    0x00, 0x00, 0x00, 0x66, 0x00, 0x00, 0x00, 0x0D, 0x00, 0x00, 0x00, 0x0A, 0x00, 0x00, 0x00, 0x0A,
    0x00, 0x00, 0x00, 0x0D, 0x00, 0x00, 0x00, 0x00, 0x00, 0x00, 0x00, 0x00, 0x00, 0x00, 0x00, 0x67,
    0x00, 0x00, 0x00, 0x0D, 0x00, 0x00, 0x00, 0x0A, 0x00, 0x00, 0x00, 0x0A, 0x00, 0x00, 0x00, 0x09,
    0x00, 0x00, 0x00, 0x00, 0x00, 0x00, 0x00, 0x00, 0x00, 0x00, 0x00, 0x68, 0x00, 0x00, 0x00, 0x0D,
    0x00, 0x00, 0x00, 0x0A, 0x00, 0x00, 0x00, 0x0A, 0x00, 0x00, 0x00, 0x0D, 0x00, 0x00, 0x00, 0x00,
    0x00, 0x00, 0x00, 0x00, 0x00, 0x00, 0x00, 0x69, 0x00, 0x00, 0x00, 0x0D, 0x00, 0x00, 0x00, 0x0A,
    0x00, 0x00, 0x00, 0x0A, 0x00, 0x00, 0x00, 0x0D, 0x00, 0x00, 0x00, 0x00, 0x00, 0x00, 0x00, 0x00,
    0x00, 0x00, 0x00, 0x6A, 0x00, 0x00, 0x00, 0x11, 0x00, 0x00, 0x00, 0x0A, 0x00, 0x00, 0x00, 0x0A,
    0x00, 0x00, 0x00, 0x0D, 0x00, 0x00, 0x00, 0x00, 0x00, 0x00, 0x00, 0x00, 0x00, 0x00, 0x00, 0x6B,
    0x00, 0x00, 0x00, 0x0D, 0x00, 0x00, 0x00, 0x0A, 0x00, 0x00, 0x00, 0x0A, 0x00, 0x00, 0x00, 0x0D,
    0x00, 0x00, 0x00, 0x00, 0x00, 0x00, 0x00, 0x00, 0x00, 0x00, 0x00, 0x6C, 0x00, 0x00, 0x00, 0x0C,
    0x00, 0x00, 0x00, 0x0A, 0x00, 0x00, 0x00, 0x0A, 0x00, 0x00, 0x00, 0x0C, 0x00, 0x00, 0x00, 0x00,
    0x00, 0x00, 0x00, 0x00, 0x00, 0x00, 0x00, 0x6D, 0x00, 0x00, 0x00, 0x09, 0x00, 0x00, 0x00, 0x0A,
    0x00, 0x00, 0x00, 0x0A, 0x00, 0x00, 0x00, 0x09, 0x00, 0x00, 0x00, 0x00, 0x00, 0x00, 0x00, 0x00,
    0x00, 0x00, 0x00, 0x6E, 0x00, 0x00, 0x00, 0x09, 0x00, 0x00, 0x00, 0x0A, 0x00, 0x00, 0x00, 0x0A,
    0x00, 0x00, 0x00, 0x09, 0x00, 0x00, 0x00, 0x00, 0x00, 0x00, 0x00, 0x00, 0x00, 0x00, 0x00, 0x6F,
    0x00, 0x00, 0x00, 0x09, 0x00, 0x00, 0x00, 0x0A, 0x00, 0x00, 0x00, 0x0A, 0x00, 0x00, 0x00, 0x09,
    0x00, 0x00, 0x00, 0x00, 0x00, 0x00, 0x00, 0x00, 0x00, 0x00, 0x00, 0x70, 0x00, 0x00, 0x00, 0x0C,
    0x00, 0x00, 0x00, 0x0A, 0x00, 0x00, 0x00, 0x0A, 0x00, 0x00, 0x00, 0x09, 0x00, 0x00, 0x00, 0x00,
    0x00, 0x00, 0x00, 0x00, 0x00, 0x00, 0x00, 0x71, 0x00, 0x00, 0x00, 0x0C, 0x00, 0x00, 0x00, 0x0A,
    0x00, 0x00, 0x00, 0x0A, 0x00, 0x00, 0x00, 0x09, 0x00, 0x00, 0x00, 0x00, 0x00, 0x00, 0x00, 0x00,
    0x00, 0x00, 0x00, 0x72, 0x00, 0x00, 0x00, 0x09, 0x00, 0x00, 0x00, 0x0A, 0x00, 0x00, 0x00, 0x0A,
    0x00, 0x00, 0x00, 0x09, 0x00, 0x00, 0x00, 0x00, 0x00, 0x00, 0x00, 0x00, 0x00, 0x00, 0x00, 0x73,
    0x00, 0x00, 0x00, 0x09, 0x00, 0x00, 0x00, 0x0A, 0x00, 0x00, 0x00, 0x0A, 0x00, 0x00, 0x00, 0x09,
    0x00, 0x00, 0x00, 0x00, 0x00, 0x00, 0x00, 0x00, 0x00, 0x00, 0x00, 0x74, 0x00, 0x00, 0x00, 0x0C,
    0x00, 0x00, 0x00, 0x0A, 0x00, 0x00, 0x00, 0x0A, 0x00, 0x00, 0x00, 0x0C, 0x00, 0x00, 0x00, 0x00,
    0x00, 0x00, 0x00, 0x00, 0x00, 0x00, 0x00, 0x75, 0x00, 0x00, 0x00, 0x09, 0x00, 0x00, 0x00, 0x0A,
    0x00, 0x00, 0x00, 0x0A, 0x00, 0x00, 0x00, 0x09, 0x00, 0x00, 0x00, 0x00, 0x00, 0x00, 0x00, 0x00,
    0x00, 0x00, 0x00, 0x76, 0x00, 0x00, 0x00, 0x09, 0x00, 0x00, 0x00, 0x0A, 0x00, 0x00, 0x00, 0x0A,
    0x00, 0x00, 0x00, 0x09, 0x00, 0x00, 0x00, 0x00, 0x00, 0x00, 0x00, 0x00, 0x00, 0x00, 0x00, 0x77,
    0x00, 0x00, 0x00, 0x09, 0x00, 0x00, 0x00, 0x0A, 0x00, 0x00, 0x00, 0x0A, 0x00, 0x00, 0x00, 0x09,
    0x00, 0x00, 0x00, 0x00, 0x00, 0x00, 0x00, 0x00, 0x00, 0x00, 0x00, 0x78, 0x00, 0x00, 0x00, 0x09,
    0x00, 0x00, 0x00, 0x0A, 0x00, 0x00, 0x00, 0x0A, 0x00, 0x00, 0x00, 0x09, 0x00, 0x00, 0x00, 0x00,
    0x00, 0x00, 0x00, 0x00, 0x00, 0x00, 0x00, 0x79, 0x00, 0x00, 0x00, 0x0D, 0x00, 0x00, 0x00, 0x0A,
    0x00, 0x00, 0x00, 0x0A, 0x00, 0x00, 0x00, 0x09, 0x00, 0x00, 0x00, 0x00, 0x00, 0x00, 0x00, 0x00,
    0x00, 0x00, 0x00, 0x7A, 0x00, 0x00, 0x00, 0x09, 0x00, 0x00, 0x00, 0x0A, 0x00, 0x00, 0x00, 0x0A,
    0x00, 0x00, 0x00, 0x09, 0x00, 0x00, 0x00, 0x00, 0x00, 0x00, 0x00, 0x00, 0x00, 0x00, 0x00, 0x7B,
    0x00, 0x00, 0x00, 0x10, 0x00, 0x00, 0x00, 0x0A, 0x00, 0x00, 0x00, 0x0A, 0x00, 0x00, 0x00, 0x0D,
    0x00, 0x00, 0x00, 0x00, 0x00, 0x00, 0x00, 0x00, 0x00, 0x00, 0x00, 0x7C, 0x00, 0x00, 0x00, 0x0C,
    0x00, 0x00, 0x00, 0x0A, 0x00, 0x00, 0x00, 0x0A, 0x00, 0x00, 0x00, 0x0C, 0x00, 0x00, 0x00, 0x00,
    0x00, 0x00, 0x00, 0x00, 0x00, 0x00, 0x00, 0x7D, 0x00, 0x00, 0x00, 0x10, 0x00, 0x00, 0x00, 0x0A,
    0x00, 0x00, 0x00, 0x0A, 0x00, 0x00, 0x00, 0x0D, 0x00, 0x00, 0x00, 0x00, 0x00, 0x00, 0x00, 0x00,
    0x00, 0x00, 0x00, 0x7E, 0x00, 0x00, 0x00, 0x06, 0x00, 0x00, 0x00, 0x0A, 0x00, 0x00, 0x00, 0x0A,
    0x00, 0x00, 0x00, 0x06, 0x00, 0x00, 0x00, 0x00, 0x00, 0x00, 0x00, 0x00, 0x00, 0x00, 0x00, 0xB0,
    0x00, 0x00, 0x00, 0x0C, 0x00, 0x00, 0x00, 0x0A, 0x00, 0x00, 0x00, 0x0A, 0x00, 0x00, 0x00, 0x0C,
    0x00, 0x00, 0x00, 0x00, 0x00, 0x00, 0x00, 0x00, 0x00, 0x00, 0x00, 0xB1, 0x00, 0x00, 0x00, 0x0B,
    0x00, 0x00, 0x00, 0x0A, 0x00, 0x00, 0x00, 0x0A, 0x00, 0x00, 0x00, 0x0B, 0x00, 0x00, 0x00, 0x00,
    0x00, 0x00, 0x00, 0x00, 0x00, 0x00, 0x00, 0xB2, 0x00, 0x00, 0x00, 0x0C, 0x00, 0x00, 0x00, 0x0A,
    0x00, 0x00, 0x00, 0x0A, 0x00, 0x00, 0x00, 0x0C, 0x00, 0x00, 0x00, 0x00, 0x00, 0x00, 0x00, 0x00,
    0x00, 0x00, 0x00, 0xB5, 0x00, 0x00, 0x00, 0x0C, 0x00, 0x00, 0x00, 0x0A, 0x00, 0x00, 0x00, 0x0A,
    0x00, 0x00, 0x00, 0x09, 0x00, 0x00, 0x00, 0x00, 0x00, 0x00, 0x00, 0x00, 0x00, 0x00, 0x0E, 0x01,
    0x00, 0x00, 0x00, 0x08, 0x00, 0x00, 0x00, 0x0A, 0x00, 0x00, 0x00, 0x0A, 0x00, 0x00, 0x00, 0x08,
    0x00, 0x00, 0x00, 0x00, 0x00, 0x00, 0x00, 0x00, 0x00, 0x00, 0x0E, 0x02, 0x00, 0x00, 0x00, 0x08,
    0x00, 0x00, 0x00, 0x0A, 0x00, 0x00, 0x00, 0x0A, 0x00, 0x00, 0x00, 0x08, 0x00, 0x00, 0x00, 0x00,
    0x00, 0x00, 0x00, 0x00, 0x00, 0x00, 0x0E, 0x03, 0x00, 0x00, 0x00, 0x0A, 0x00, 0x00, 0x00, 0x0A,
    0x00, 0x00, 0x00, 0x0A, 0x00, 0x00, 0x00, 0x0A, 0x00, 0x00, 0x00, 0x00, 0x00, 0x00, 0x00, 0x00,
    0x00, 0x00, 0x0E, 0x04, 0x00, 0x00, 0x00, 0x09, 0x00, 0x00, 0x00, 0x0A, 0x00, 0x00, 0x00, 0x0A,
    0x00, 0x00, 0x00, 0x09, 0x00, 0x00, 0x00, 0x00, 0x00, 0x00, 0x00, 0x00, 0x00, 0x00, 0x0E, 0x05,
    0x00, 0x00, 0x00, 0x09, 0x00, 0x00, 0x00, 0x0A, 0x00, 0x00, 0x00, 0x0A, 0x00, 0x00, 0x00, 0x09,
    0x00, 0x00, 0x00, 0x00, 0x00, 0x00, 0x00, 0x00, 0x00, 0x00, 0x0E, 0x06, 0x00, 0x00, 0x00, 0x0A,
    0x00, 0x00, 0x00, 0x0A, 0x00, 0x00, 0x00, 0x0A, 0x00, 0x00, 0x00, 0x0A, 0x00, 0x00, 0x00, 0x00,
    0x00, 0x00, 0x00, 0x00, 0x00, 0x00, 0x0E, 0x07, 0x00, 0x00, 0x00, 0x08, 0x00, 0x00, 0x00, 0x0A,
    0x00, 0x00, 0x00, 0x0A, 0x00, 0x00, 0x00, 0x08, 0x00, 0x00, 0x00, 0x00, 0x00, 0x00, 0x00, 0x00,
    0x00, 0x00, 0x0E, 0x08, 0x00, 0x00, 0x00, 0x09, 0x00, 0x00, 0x00, 0x0A, 0x00, 0x00, 0x00, 0x0A,
    0x00, 0x00, 0x00, 0x09, 0x00, 0x00, 0x00, 0x00, 0x00, 0x00, 0x00, 0x00, 0x00, 0x00, 0x0E, 0x09,
    0x00, 0x00, 0x00, 0x09, 0x00, 0x00, 0x00, 0x0A, 0x00, 0x00, 0x00, 0x0A, 0x00, 0x00, 0x00, 0x09,
    0x00, 0x00, 0x00, 0x00, 0x00, 0x00, 0x00, 0x00, 0x00, 0x00, 0x0E, 0x0A, 0x00, 0x00, 0x00, 0x09,
    0x00, 0x00, 0x00, 0x0A, 0x00, 0x00, 0x00, 0x0A, 0x00, 0x00, 0x00, 0x09, 0x00, 0x00, 0x00, 0x00,
    0x00, 0x00, 0x00, 0x00, 0x00, 0x00, 0x0E, 0x0B, 0x00, 0x00, 0x00, 0x09, 0x00, 0x00, 0x00, 0x0A,
    0x00, 0x00, 0x00, 0x0A, 0x00, 0x00, 0x00, 0x09, 0x00, 0x00, 0x00, 0x00, 0x00, 0x00, 0x00, 0x00,
    0x00, 0x00, 0x0E, 0x0C, 0x00, 0x00, 0x00, 0x08, 0x00, 0x00, 0x00, 0x0A, 0x00, 0x00, 0x00, 0x0A,
    0x00, 0x00, 0x00, 0x08, 0x00, 0x00, 0x00, 0x00, 0x00, 0x00, 0x00, 0x00, 0x00, 0x00, 0x0E, 0x0D,
    0x00, 0x00, 0x00, 0x0B, 0x00, 0x00, 0x00, 0x0A, 0x00, 0x00, 0x00, 0x0A, 0x00, 0x00, 0x00, 0x08,
    0x00, 0x00, 0x00, 0x00, 0x00, 0x00, 0x00, 0x00, 0x00, 0x00, 0x0E, 0x0E, 0x00, 0x00, 0x00, 0x0C,
    0x00, 0x00, 0x00, 0x0A, 0x00, 0x00, 0x00, 0x0A, 0x00, 0x00, 0x00, 0x08, 0x00, 0x00, 0x00, 0x00,
    0x00, 0x00, 0x00, 0x00, 0x00, 0x00, 0x0E, 0x0F, 0x00, 0x00, 0x00, 0x0C, 0x00, 0x00, 0x00, 0x0A,
    0x00, 0x00, 0x00, 0x0A, 0x00, 0x00, 0x00, 0x08, 0x00, 0x00, 0x00, 0x00, 0x00, 0x00, 0x00, 0x00,
    0x00, 0x00, 0x0E, 0x10, 0x00, 0x00, 0x00, 0x0D, 0x00, 0x00, 0x00, 0x0A, 0x00, 0x00, 0x00, 0x0A,
    0x00, 0x00, 0x00, 0x09, 0x00, 0x00, 0x00, 0x00, 0x00, 0x00, 0x00, 0x00, 0x00, 0x00, 0x0E, 0x11,
    0x00, 0x00, 0x00, 0x0A, 0x00, 0x00, 0x00, 0x0A, 0x00, 0x00, 0x00, 0x0A, 0x00, 0x00, 0x00, 0x0A,
    0x00, 0x00, 0x00, 0x00, 0x00, 0x00, 0x00, 0x00, 0x00, 0x00, 0x0E, 0x12, 0x00, 0x00, 0x00, 0x09,
    0x00, 0x00, 0x00, 0x0A, 0x00, 0x00, 0x00, 0x0A, 0x00, 0x00, 0x00, 0x09, 0x00, 0x00, 0x00, 0x00,
    0x00, 0x00, 0x00, 0x00, 0x00, 0x00, 0x0E, 0x13, 0x00, 0x00, 0x00, 0x08, 0x00, 0x00, 0x00, 0x0A,
    0x00, 0x00, 0x00, 0x0A, 0x00, 0x00, 0x00, 0x08, 0x00, 0x00, 0x00, 0x00, 0x00, 0x00, 0x00, 0x00,
    0x00, 0x00, 0x0E, 0x14, 0x00, 0x00, 0x00, 0x08, 0x00, 0x00, 0x00, 0x0A, 0x00, 0x00, 0x00, 0x0A,
    0x00, 0x00, 0x00, 0x08, 0x00, 0x00, 0x00, 0x00, 0x00, 0x00, 0x00, 0x00, 0x00, 0x00, 0x0E, 0x15,
    0x00, 0x00, 0x00, 0x09, 0x00, 0x00, 0x00, 0x0A, 0x00, 0x00, 0x00, 0x0A, 0x00, 0x00, 0x00, 0x09,
    0x00, 0x00, 0x00, 0x00, 0x00, 0x00, 0x00, 0x00, 0x00, 0x00, 0x0E, 0x16, 0x00, 0x00, 0x00, 0x08,
    0x00, 0x00, 0x00, 0x0A, 0x00, 0x00, 0x00, 0x0A, 0x00, 0x00, 0x00, 0x08, 0x00, 0x00, 0x00, 0x00,
    0x00, 0x00, 0x00, 0x00, 0x00, 0x00, 0x0E, 0x17, 0x00, 0x00, 0x00, 0x08, 0x00, 0x00, 0x00, 0x0A,
    0x00, 0x00, 0x00, 0x0A, 0x00, 0x00, 0x00, 0x08, 0x00, 0x00, 0x00, 0x00, 0x00, 0x00, 0x00, 0x00,
    0x00, 0x00, 0x0E, 0x18, 0x00, 0x00, 0x00, 0x09, 0x00, 0x00, 0x00, 0x0A, 0x00, 0x00, 0x00, 0x0A,
    0x00, 0x00, 0x00, 0x09, 0x00, 0x00, 0x00, 0x00, 0x00, 0x00, 0x00, 0x00, 0x00, 0x00, 0x0E, 0x19,
    0x00, 0x00, 0x00, 0x08, 0x00, 0x00, 0x00, 0x0A, 0x00, 0x00, 0x00, 0x0A, 0x00, 0x00, 0x00, 0x08,
    0x00, 0x00, 0x00, 0x00, 0x00, 0x00, 0x00, 0x00, 0x00, 0x00, 0x0E, 0x1A, 0x00, 0x00, 0x00, 0x08,
    0x00, 0x00, 0x00, 0x0A, 0x00, 0x00, 0x00, 0x0A, 0x00, 0x00, 0x00, 0x08, 0x00, 0x00, 0x00, 0x00,
    0x00, 0x00, 0x00, 0x00, 0x00, 0x00, 0x0E, 0x1B, 0x00, 0x00, 0x00, 0x0C, 0x00, 0x00, 0x00, 0x0A,
    0x00, 0x00, 0x00, 0x0A, 0x00, 0x00, 0x00, 0x0C, 0x00, 0x00, 0x00, 0x00, 0x00, 0x00, 0x00, 0x00,
    0x00, 0x00, 0x0E, 0x1C, 0x00, 0x00, 0x00, 0x08, 0x00, 0x00, 0x00, 0x0A, 0x00, 0x00, 0x00, 0x0A,
    0x00, 0x00, 0x00, 0x08, 0x00, 0x00, 0x00, 0x00, 0x00, 0x00, 0x00, 0x00, 0x00, 0x00, 0x0E, 0x1D,
    0x00, 0x00, 0x00, 0x0C, 0x00, 0x00, 0x00, 0x0A, 0x00, 0x00, 0x00, 0x0A, 0x00, 0x00, 0x00, 0x0C,
    0x00, 0x00, 0x00, 0x00, 0x00, 0x00, 0x00, 0x00, 0x00, 0x00, 0x0E, 0x1E, 0x00, 0x00, 0x00, 0x08,
    0x00, 0x00, 0x00, 0x0A, 0x00, 0x00, 0x00, 0x0A, 0x00, 0x00, 0x00, 0x08, 0x00, 0x00, 0x00, 0x00,
    0x00, 0x00, 0x00, 0x00, 0x00, 0x00, 0x0E, 0x1F, 0x00, 0x00, 0x00, 0x0C, 0x00, 0x00, 0x00, 0x0A,
    0x00, 0x00, 0x00, 0x0A, 0x00, 0x00, 0x00, 0x0C, 0x00, 0x00, 0x00, 0x00, 0x00, 0x00, 0x00, 0x00,
    0x00, 0x00, 0x0E, 0x20, 0x00, 0x00, 0x00, 0x08, 0x00, 0x00, 0x00, 0x0A, 0x00, 0x00, 0x00, 0x0A,
    0x00, 0x00, 0x00, 0x08, 0x00, 0x00, 0x00, 0x00, 0x00, 0x00, 0x00, 0x00, 0x00, 0x00, 0x0E, 0x21,
    0x00, 0x00, 0x00, 0x08, 0x00, 0x00, 0x00, 0x0A, 0x00, 0x00, 0x00, 0x0A, 0x00, 0x00, 0x00, 0x08,
    0x00, 0x00, 0x00, 0x00, 0x00, 0x00, 0x00, 0x00, 0x00, 0x00, 0x0E, 0x22, 0x00, 0x00, 0x00, 0x08,
    0x00, 0x00, 0x00, 0x0A, 0x00, 0x00, 0x00, 0x0A, 0x00, 0x00, 0x00, 0x08, 0x00, 0x00, 0x00, 0x00,
    0x00, 0x00, 0x00, 0x00, 0x00, 0x00, 0x0E, 0x23, 0x00, 0x00, 0x00, 0x09, 0x00, 0x00, 0x00, 0x0A,
    0x00, 0x00, 0x00, 0x0A, 0x00, 0x00, 0x00, 0x09, 0x00, 0x00, 0x00, 0x00, 0x00, 0x00, 0x00, 0x00,
    0x00, 0x00, 0x0E, 0x24, 0x00, 0x00, 0x00, 0x0B, 0x00, 0x00, 0x00, 0x0A, 0x00, 0x00, 0x00, 0x0A,
    0x00, 0x00, 0x00, 0x08, 0x00, 0x00, 0x00, 0x00, 0x00, 0x00, 0x00, 0x00, 0x00, 0x00, 0x0E, 0x25,
    0x00, 0x00, 0x00, 0x09, 0x00, 0x00, 0x00, 0x0A, 0x00, 0x00, 0x00, 0x0A, 0x00, 0x00, 0x00, 0x09,
    0x00, 0x00, 0x00, 0x00, 0x00, 0x00, 0x00, 0x00, 0x00, 0x00, 0x0E, 0x26, 0x00, 0x00, 0x00, 0x0B,
    0x00, 0x00, 0x00, 0x0A, 0x00, 0x00, 0x00, 0x0A, 0x00, 0x00, 0x00, 0x08, 0x00, 0x00, 0x00, 0x00,
    0x00, 0x00, 0x00, 0x00, 0x00, 0x00, 0x0E, 0x27, 0x00, 0x00, 0x00, 0x08, 0x00, 0x00, 0x00, 0x0A,
    0x00, 0x00, 0x00, 0x0A, 0x00, 0x00, 0x00, 0x08, 0x00, 0x00, 0x00, 0x00, 0x00, 0x00, 0x00, 0x00,
    0x00, 0x00, 0x0E, 0x28, 0x00, 0x00, 0x00, 0x0A, 0x00, 0x00, 0x00, 0x0A, 0x00, 0x00, 0x00, 0x0A,
    0x00, 0x00, 0x00, 0x0A, 0x00, 0x00, 0x00, 0x00, 0x00, 0x00, 0x00, 0x00, 0x00, 0x00, 0x0E, 0x29,
    0x00, 0x00, 0x00, 0x08, 0x00, 0x00, 0x00, 0x0A, 0x00, 0x00, 0x00, 0x0A, 0x00, 0x00, 0x00, 0x08,
    0x00, 0x00, 0x00, 0x00, 0x00, 0x00, 0x00, 0x00, 0x00, 0x00, 0x0E, 0x2A, 0x00, 0x00, 0x00, 0x09,
    0x00, 0x00, 0x00, 0x0A, 0x00, 0x00, 0x00, 0x0A, 0x00, 0x00, 0x00, 0x09, 0x00, 0x00, 0x00, 0x00,
    0x00, 0x00, 0x00, 0x00, 0x00, 0x00, 0x0E, 0x2B, 0x00, 0x00, 0x00, 0x09, 0x00, 0x00, 0x00, 0x0A,
    0x00, 0x00, 0x00, 0x0A, 0x00, 0x00, 0x00, 0x09, 0x00, 0x00, 0x00, 0x00, 0x00, 0x00, 0x00, 0x00,
    0x00, 0x00, 0x0E, 0x2C, 0x00, 0x00, 0x00, 0x0A, 0x00, 0x00, 0x00, 0x0C, 0x00, 0x00, 0x00, 0x0A,
    0x00, 0x00, 0x00, 0x0A, 0xFF, 0xFF, 0xFF, 0xFF, 0x00, 0x00, 0x00, 0x00, 0x00, 0x00, 0x0E, 0x2D,
    0x00, 0x00, 0x00, 0x08, 0x00, 0x00, 0x00, 0x0A, 0x00, 0x00, 0x00, 0x0A, 0x00, 0x00, 0x00, 0x08,
    0x00, 0x00, 0x00, 0x00, 0x00, 0x00, 0x00, 0x00, 0x00, 0x00, 0x0E, 0x2E, 0x00, 0x00, 0x00, 0x09,
    0x00, 0x00, 0x00, 0x0A, 0x00, 0x00, 0x00, 0x0A, 0x00, 0x00, 0x00, 0x09, 0x00, 0x00, 0x00, 0x00,
    0x00, 0x00, 0x00, 0x00, 0x00, 0x00, 0x0E, 0x2F, 0x00, 0x00, 0x00, 0x08, 0x00, 0x00, 0x00, 0x0A,
    0x00, 0x00, 0x00, 0x0A, 0x00, 0x00, 0x00, 0x08, 0x00, 0x00, 0x00, 0x00, 0x00, 0x00, 0x00, 0x00,
    0x00, 0x00, 0x0E, 0x30, 0x00, 0x00, 0x00, 0x08, 0x00, 0x00, 0x00, 0x0A, 0x00, 0x00, 0x00, 0x0A,
    0x00, 0x00, 0x00, 0x08, 0x00, 0x00, 0x00, 0x00, 0x00, 0x00, 0x00, 0x00, 0x00, 0x00, 0x0E, 0x31,
    0x00, 0x00, 0x00, 0x0E, 0x00, 0x00, 0x00, 0x07, 0x00, 0x00, 0x00, 0x00, 0x00, 0x00, 0x00, 0x0E,
    0xFF, 0xFF, 0xFF, 0xF9, 0x00, 0x00, 0x00, 0x00, 0x00, 0x00, 0x0E, 0x32, 0x00, 0x00, 0x00, 0x08,
    0x00, 0x00, 0x00, 0x0A, 0x00, 0x00, 0x00, 0x0A, 0x00, 0x00, 0x00, 0x08, 0x00, 0x00, 0x00, 0x00,
    0x00, 0x00, 0x00, 0x00, 0x00, 0x00, 0x0E, 0x33, 0x00, 0x00, 0x00, 0x0D, 0x00, 0x00, 0x00, 0x0E,
    0x00, 0x00, 0x00, 0x0A, 0x00, 0x00, 0x00, 0x0D, 0xFF, 0xFF, 0xFF, 0xFC, 0x00, 0x00, 0x00, 0x00,
    0x00, 0x00, 0x0E, 0x34, 0x00, 0x00, 0x00, 0x0D, 0x00, 0x00, 0x00, 0x09, 0x00, 0x00, 0x00, 0x00,
    0x00, 0x00, 0x00, 0x0D, 0xFF, 0xFF, 0xFF, 0xF7, 0x00, 0x00, 0x00, 0x00, 0x00, 0x00, 0x0E, 0x35,
    0x00, 0x00, 0x00, 0x0D, 0x00, 0x00, 0x00, 0x09, 0x00, 0x00, 0x00, 0x00, 0x00, 0x00, 0x00, 0x0D,
    0xFF, 0xFF, 0xFF, 0xF7, 0x00, 0x00, 0x00, 0x00, 0x00, 0x00, 0x0E, 0x36, 0x00, 0x00, 0x00, 0x0E,
    0x00, 0x00, 0x00, 0x09, 0x00, 0x00, 0x00, 0x00, 0x00, 0x00, 0x00, 0x0E, 0xFF, 0xFF, 0xFF, 0xF7,
    0x00, 0x00, 0x00, 0x00, 0x00, 0x00, 0x0E, 0x37, 0x00, 0x00, 0x00, 0x0D, 0x00, 0x00, 0x00, 0x09,
    0x00, 0x00, 0x00, 0x00, 0x00, 0x00, 0x00, 0x0D, 0xFF, 0xFF, 0xFF, 0xF7, 0x00, 0x00, 0x00, 0x00,
    0x00, 0x00, 0x0E, 0x38, 0x00, 0x00, 0x00, 0x05, 0x00, 0x00, 0x00, 0x05, 0x00, 0x00, 0x00, 0x00,
    0x00, 0x00, 0x00, 0x00, 0xFF, 0xFF, 0xFF, 0xFB, 0x00, 0x00, 0x00, 0x00, 0x00, 0x00, 0x0E, 0x39,
    0x00, 0x00, 0x00, 0x05, 0x00, 0x00, 0x00, 0x07, 0x00, 0x00, 0x00, 0x00, 0x00, 0x00, 0x00, 0x00,
    0xFF, 0xFF, 0xFF, 0xF9, 0x00, 0x00, 0x00, 0x00, 0x00, 0x00, 0x0E, 0x3A, 0x00, 0x00, 0x00, 0x03,
    0x00, 0x00, 0x00, 0x04, 0x00, 0x00, 0x00, 0x00, 0x00, 0x00, 0x00, 0x00, 0xFF, 0xFF, 0xFF, 0xFC,
    0x00, 0x00, 0x00, 0x00, 0x00, 0x00, 0x0E, 0x3B, 0x00, 0x00, 0x00, 0x11, 0x00, 0x00, 0x00, 0x08,
    0x00, 0x00, 0x00, 0x08, 0x00, 0x00, 0x00, 0x11, 0x00, 0x00, 0x00, 0x00, 0x00, 0x00, 0x00, 0x00,
    0x00, 0x00, 0x0E, 0x3C, 0x00, 0x00, 0x00, 0x11, 0x00, 0x00, 0x00, 0x08, 0x00, 0x00, 0x00, 0x08,
    0x00, 0x00, 0x00, 0x11, 0x00, 0x00, 0x00, 0x00, 0x00, 0x00, 0x00, 0x00, 0x00, 0x00, 0x0E, 0x3D,
    0x00, 0x00, 0x00, 0x11, 0x00, 0x00, 0x00, 0x08, 0x00, 0x00, 0x00, 0x08, 0x00, 0x00, 0x00, 0x11,
    0x00, 0x00, 0x00, 0x00, 0x00, 0x00, 0x00, 0x00, 0x00, 0x00, 0x0E, 0x3E, 0x00, 0x00, 0x00, 0x11,
    0x00, 0x00, 0x00, 0x08, 0x00, 0x00, 0x00, 0x08, 0x00, 0x00, 0x00, 0x11, 0x00, 0x00, 0x00, 0x00,
    0x00, 0x00, 0x00, 0x00, 0x00, 0x00, 0x0E, 0x3F, 0x00, 0x00, 0x00, 0x0E, 0x00, 0x00, 0x00, 0x0A,
    0x00, 0x00, 0x00, 0x0A, 0x00, 0x00, 0x00, 0x0C, 0x00, 0x00, 0x00, 0x00, 0x00, 0x00, 0x00, 0x00,
    0x00, 0x00, 0x0E, 0x40, 0x00, 0x00, 0x00, 0x08, 0x00, 0x00, 0x00, 0x0A, 0x00, 0x00, 0x00, 0x0A,
    0x00, 0x00, 0x00, 0x08, 0x00, 0x00, 0x00, 0x00, 0x00, 0x00, 0x00, 0x00, 0x00, 0x00, 0x0E, 0x41,
    0x00, 0x00, 0x00, 0x08, 0x00, 0x00, 0x00, 0x0A, 0x00, 0x00, 0x00, 0x0A, 0x00, 0x00, 0x00, 0x08,
    0x00, 0x00, 0x00, 0x00, 0x00, 0x00, 0x00, 0x00, 0x00, 0x00, 0x0E, 0x42, 0x00, 0x00, 0x00, 0x0E,
    0x00, 0x00, 0x00, 0x0A, 0x00, 0x00, 0x00, 0x0A, 0x00, 0x00, 0x00, 0x0E, 0x00, 0x00, 0x00, 0x00,
    0x00, 0x00, 0x00, 0x00, 0x00, 0x00, 0x0E, 0x43, 0x00, 0x00, 0x00, 0x0E, 0x00, 0x00, 0x00, 0x0A,
    0x00, 0x00, 0x00, 0x0A, 0x00, 0x00, 0x00, 0x0E, 0x00, 0x00, 0x00, 0x00, 0x00, 0x00, 0x00, 0x00,
    0x00, 0x00, 0x0E, 0x44, 0x00, 0x00, 0x00, 0x0F, 0x00, 0x00, 0x00, 0x0A, 0x00, 0x00, 0x00, 0x0A,
    0x00, 0x00, 0x00, 0x0F, 0x00, 0x00, 0x00, 0x00, 0x00, 0x00, 0x00, 0x00, 0x00, 0x00, 0x0E, 0x45,
    0x00, 0x00, 0x00, 0x0B, 0x00, 0x00, 0x00, 0x0A, 0x00, 0x00, 0x00, 0x0A, 0x00, 0x00, 0x00, 0x08,
    0x00, 0x00, 0x00, 0x00, 0x00, 0x00, 0x00, 0x00, 0x00, 0x00, 0x0E, 0x46, 0x00, 0x00, 0x00, 0x0C,
    0x00, 0x00, 0x00, 0x0A, 0x00, 0x00, 0x00, 0x0A, 0x00, 0x00, 0x00, 0x09, 0x00, 0x00, 0x00, 0x00,
    0x00, 0x00, 0x00, 0x00, 0x00, 0x00, 0x0E, 0x47, 0x00, 0x00, 0x00, 0x0F, 0x00, 0x00, 0x00, 0x08,
    0x00, 0x00, 0x00, 0x00, 0x00, 0x00, 0x00, 0x0F, 0xFF, 0xFF, 0xFF, 0xF8, 0x00, 0x00, 0x00, 0x00,
    0x00, 0x00, 0x0E, 0x48, 0x00, 0x00, 0x00, 0x11, 0x00, 0x00, 0x00, 0x03, 0x00, 0x00, 0x00, 0x00,
    0x00, 0x00, 0x00, 0x11, 0xFF, 0xFF, 0xFF, 0xFD, 0x00, 0x00, 0x00, 0x00, 0x00, 0x00, 0x0E, 0x49,
    0x00, 0x00, 0x00, 0x11, 0x00, 0x00, 0x00, 0x06, 0x00, 0x00, 0x00, 0x00, 0x00, 0x00, 0x00, 0x11,
    0xFF, 0xFF, 0xFF, 0xFA, 0x00, 0x00, 0x00, 0x00, 0x00, 0x00, 0x0E, 0x4A, 0x00, 0x00, 0x00, 0x11,
    0x00, 0x00, 0x00, 0x07, 0x00, 0x00, 0x00, 0x00, 0x00, 0x00, 0x00, 0x11, 0xFF, 0xFF, 0xFF, 0xF9,
    0x00, 0x00, 0x00, 0x00, 0x00, 0x00, 0x0E, 0x4B, 0x00, 0x00, 0x00, 0x11, 0x00, 0x00, 0x00, 0x04,
    0x00, 0x00, 0x00, 0x00, 0x00, 0x00, 0x00, 0x11, 0xFF, 0xFF, 0xFF, 0xFC, 0x00, 0x00, 0x00, 0x00,
    0x00, 0x00, 0x0E, 0x4C, 0x00, 0x00, 0x00, 0x11, 0x00, 0x00, 0x00, 0x06, 0x00, 0x00, 0x00, 0x00,
    0x00, 0x00, 0x00, 0x11, 0xFF, 0xFF, 0xFF, 0xFA, 0x00, 0x00, 0x00, 0x00, 0x00, 0x00, 0x0E, 0x4D,
    0x00, 0x00, 0x00, 0x0D, 0x00, 0x00, 0x00, 0x04, 0x00, 0x00, 0x00, 0x00, 0x00, 0x00, 0x00, 0x0D,
    0xFF, 0xFF, 0xFF, 0xFC, 0x00, 0x00, 0x00, 0x00, 0x00, 0x00, 0x0E, 0x4E, 0x00, 0x00, 0x00, 0x0F,
    0x00, 0x00, 0x00, 0x06, 0x00, 0x00, 0x00, 0x00, 0x00, 0x00, 0x00, 0x0F, 0xFF, 0xFF, 0xFF, 0xFA,
    0x00, 0x00, 0x00, 0x00, 0x00, 0x00, 0x0E, 0x4F, 0x00, 0x00, 0x00, 0x08, 0x00, 0x00, 0x00, 0x0A,
    0x00, 0x00, 0x00, 0x0A, 0x00, 0x00, 0x00, 0x08, 0x00, 0x00, 0x00, 0x00, 0x00, 0x00, 0x00, 0x00,
    0x00, 0x00, 0x0E, 0x50, 0x00, 0x00, 0x00, 0x06, 0x00, 0x00, 0x00, 0x0A, 0x00, 0x00, 0x00, 0x0A,
    0x00, 0x00, 0x00, 0x06, 0x00, 0x00, 0x00, 0x00, 0x00, 0x00, 0x00, 0x00, 0x00, 0x00, 0x0E, 0x51,
    0x00, 0x00, 0x00, 0x07, 0x00, 0x00, 0x00, 0x0A, 0x00, 0x00, 0x00, 0x0A, 0x00, 0x00, 0x00, 0x06,
    0x00, 0x00, 0x00, 0x00, 0x00, 0x00, 0x00, 0x00, 0x00, 0x00, 0x0E, 0x52, 0x00, 0x00, 0x00, 0x09,
    0x00, 0x00, 0x00, 0x0A, 0x00, 0x00, 0x00, 0x0A, 0x00, 0x00, 0x00, 0x09, 0x00, 0x00, 0x00, 0x00,
    0x00, 0x00, 0x00, 0x00, 0x00, 0x00, 0x0E, 0x53, 0x00, 0x00, 0x00, 0x06, 0x00, 0x00, 0x00, 0x0A,
    0x00, 0x00, 0x00, 0x0A, 0x00, 0x00, 0x00, 0x06, 0x00, 0x00, 0x00, 0x00, 0x00, 0x00, 0x00, 0x00,
    0x00, 0x00, 0x0E, 0x54, 0x00, 0x00, 0x00, 0x09, 0x00, 0x00, 0x00, 0x0A, 0x00, 0x00, 0x00, 0x0A,
    0x00, 0x00, 0x00, 0x09, 0x00, 0x00, 0x00, 0x00, 0x00, 0x00, 0x00, 0x00, 0x00, 0x00, 0x0E, 0x55,
    0x00, 0x00, 0x00, 0x09, 0x00, 0x00, 0x00, 0x0A, 0x00, 0x00, 0x00, 0x0A, 0x00, 0x00, 0x00, 0x09,
    0x00, 0x00, 0x00, 0x00, 0x00, 0x00, 0x00, 0x00, 0x00, 0x00, 0x0E, 0x56, 0x00, 0x00, 0x00, 0x09,
    0x00, 0x00, 0x00, 0x0A, 0x00, 0x00, 0x00, 0x0A, 0x00, 0x00, 0x00, 0x09, 0x00, 0x00, 0x00, 0x00,
    0x00, 0x00, 0x00, 0x00, 0x00, 0x00, 0x0E, 0x57, 0x00, 0x00, 0x00, 0x09, 0x00, 0x00, 0x00, 0x0A,
    0x00, 0x00, 0x00, 0x0A, 0x00, 0x00, 0x00, 0x09, 0x00, 0x00, 0x00, 0x00, 0x00, 0x00, 0x00, 0x00,
    0x00, 0x00, 0x0E, 0x58, 0x00, 0x00, 0x00, 0x09, 0x00, 0x00, 0x00, 0x0A, 0x00, 0x00, 0x00, 0x0A,
    0x00, 0x00, 0x00, 0x09, 0x00, 0x00, 0x00, 0x00, 0x00, 0x00, 0x00, 0x00, 0x00, 0x00, 0x0E, 0x59,
    0x00, 0x00, 0x00, 0x09, 0x00, 0x00, 0x00, 0x0A, 0x00, 0x00, 0x00, 0x0A, 0x00, 0x00, 0x00, 0x09,
    0x00, 0x00, 0x00, 0x00, 0x00, 0x00, 0x00, 0x00, 0x00, 0x00, 0x0E, 0x5A, 0x00, 0x00, 0x00, 0x09,
    0x00, 0x00, 0x00, 0x0C, 0x00, 0x00, 0x00, 0x0C, 0x00, 0x00, 0x00, 0x09, 0x00, 0x00, 0x00, 0x00,
    0x00, 0x00, 0x00, 0x00, 0x00, 0x00, 0x0E, 0x5B, 0x00, 0x00, 0x00, 0x09, 0x00, 0x00, 0x00, 0x13,
    0x00, 0x00, 0x00, 0x13, 0x00, 0x00, 0x00, 0x09, 0x00, 0x00, 0x00, 0x00, 0x00, 0x00, 0x00, 0x00,
    0x00, 0x00, 0x20, 0x14, 0x00, 0x00, 0x00, 0x05, 0x00, 0x00, 0x00, 0x0A, 0x00, 0x00, 0x00, 0x0A,
    0x00, 0x00, 0x00, 0x05, 0x00, 0x00, 0x00, 0x00, 0x00, 0x00, 0x00, 0x00, 0x00, 0x00, 0x20, 0x22,
    0x00, 0x00, 0x00, 0x09, 0x00, 0x00, 0x00, 0x0A, 0x00, 0x00, 0x00, 0x0A, 0x00, 0x00, 0x00, 0x09,
    0x00, 0x00, 0x00, 0x00, 0x00, 0x00, 0x00, 0x00, 0x00, 0x00, 0x00, 0x37, 0xFF, 0xB1, 0x00, 0x00,
    0x00, 0x00, 0x00, 0x00, 0x00, 0x2C, 0xFF, 0xA6, 0x00, 0x00, 0x00, 0x00, 0x00, 0x00, 0x00, 0x22,
    0xFF, 0x9B, 0x00, 0x00, 0x00, 0x00, 0x00, 0x00, 0x00, 0x17, 0xFF, 0x90, 0x00, 0x00, 0x00, 0x00,
    0x00, 0x00, 0x00, 0x0C, 0xFF, 0x85, 0x00, 0x00, 0x00, 0x00, 0x00, 0x00, 0x00, 0x02, 0xFF, 0x7A,
    0x00, 0x00, 0x00, 0x00, 0x00, 0x00, 0x00, 0x00, 0xF7, 0x6F, 0x00, 0x00, 0x00, 0x00, 0x00, 0x00,
    0x00, 0x00, 0xED, 0x64, 0x00, 0x00, 0x00, 0x00, 0x00, 0x00, 0x00, 0x00, 0x99, 0x3D, 0x00, 0x00,
    0x00, 0x00, 0x00, 0x00, 0x00, 0x00, 0x24, 0x0E, 0x00, 0x00, 0x00, 0x00, 0x00, 0x00, 0x00, 0x30,
    0xFD, 0xC9, 0x00, 0x00, 0x00, 0x00, 0x00, 0x00, 0x00, 0x1E, 0xE6, 0xA0, 0x00, 0x00, 0x00, 0x00,
    0x00, 0x00, 0xD0, 0xFF, 0x08, 0x65, 0xFF, 0x6B, 0x00, 0x00, 0x00, 0x00, 0xB6, 0xF2, 0x00, 0x4D,
    0xFF, 0x53, 0x00, 0x00, 0x00, 0x00, 0x9C, 0xDB, 0x00, 0x36, 0xFF, 0x3B, 0x00, 0x00, 0x00, 0x00,
    0x83, 0xC5, 0x00, 0x1F, 0xFF, 0x23, 0x00, 0x00, 0x00, 0x00, 0x69, 0xAF, 0x00, 0x08, 0xFF, 0x0B,
    0x00, 0x00, 0x00, 0x00, 0x00, 0x00, 0x00, 0x00, 0x00, 0x00, 0x00, 0x00, 0x00, 0x00, 0x00, 0x00,
    0x00, 0x00, 0x00, 0x00, 0x00, 0x00, 0x00, 0x00, 0x00, 0x00, 0x00, 0x00, 0x00, 0x00, 0x00, 0x00,
    0x00, 0x00, 0x00, 0x00, 0x00, 0x00, 0x00, 0x00, 0x00, 0x00, 0x00, 0x00, 0x00, 0x00, 0x00, 0x00,
    0x00, 0x00, 0x00, 0x00, 0x00, 0x00, 0x00, 0x00, 0x00, 0x00, 0x00, 0x00, 0x00, 0x00, 0x00, 0x00,
    0x00, 0x00, 0x00, 0x00, 0x00, 0x00, 0x00, 0x00, 0x00, 0x00, 0x00, 0x00, 0x00, 0x00, 0x00, 0x00,
    0x00, 0x00, 0x00, 0x00, 0x00, 0x0D, 0xF8, 0x1D, 0x00, 0xA5, 0x7F, 0x00, 0x00, 0x00, 0x00, 0x54,
    0xCF, 0x00, 0x05, 0xF0, 0x2F, 0x00, 0x00, 0x00, 0x00, 0xA1, 0x82, 0x00, 0x47, 0xDF, 0x00, 0x00,
    0x70, 0xFF, 0xFF, 0xFF, 0xFF, 0xFF, 0xFF, 0xFF, 0xFF, 0x08, 0x00, 0x00, 0x28, 0xF2, 0x02, 0x00,
    0xD1, 0x4F, 0x00, 0x00, 0x00, 0x00, 0x5F, 0xBF, 0x00, 0x0B, 0xFC, 0x19, 0x00, 0x00, 0x00, 0x00,
    0x96, 0x8A, 0x00, 0x41, 0xE1, 0x00, 0x00, 0x00, 0x00, 0x00, 0xCD, 0x56, 0x00, 0x78, 0xAB, 0x00,
    0x00, 0x00, 0x70, 0xFF, 0xFF, 0xFF, 0xFF, 0xFF, 0xFF, 0xFF, 0xFF, 0x08, 0x00, 0x5A, 0xCE, 0x00,
    0x0D, 0xF9, 0x1E, 0x00, 0x00, 0x00, 0x00, 0xA4, 0x85, 0x00, 0x54, 0xD1, 0x00, 0x00, 0x00, 0x00,
    0x02, 0xEC, 0x3C, 0x00, 0xA1, 0x85, 0x00, 0x00, 0x00, 0x00, 0x00, 0x00, 0x00, 0x00, 0x78, 0xA0,
    0x00, 0x00, 0x00, 0x00, 0x00, 0x00, 0x19, 0x85, 0xD6, 0xE6, 0xAC, 0x69, 0x00, 0x00, 0x00, 0x1F,
    0xEC, 0xB9, 0xA6, 0xC8, 0x89, 0x99, 0x00, 0x00, 0x00, 0x91, 0xF4, 0x07, 0x78, 0xA0, 0x00, 0x00,
    0x00, 0x00, 0x00, 0x9A, 0xFB, 0x1F, 0x78, 0xA0, 0x00, 0x00, 0x00, 0x00, 0x00, 0x31, 0xF8, 0xDA,
    0xA4, 0xA0, 0x00, 0x00, 0x00, 0x00, 0x00, 0x00, 0x3E, 0xDD, 0xFF, 0xC6, 0x15, 0x00, 0x00, 0x00,
    0x00, 0x00, 0x00, 0x07, 0xA3, 0xFF, 0xEE, 0x57, 0x00, 0x00, 0x00, 0x00, 0x00, 0x00, 0x78, 0xB4,
    0xB9, 0xFD, 0x41, 0x00, 0x00, 0x00, 0x00, 0x00, 0x78, 0xA0, 0x0B, 0xF8, 0x98, 0x00, 0x00, 0x0F,
    0x00, 0x00, 0x78, 0xA0, 0x1B, 0xFD, 0x7C, 0x00, 0x00, 0xBD, 0xB8, 0x77, 0xA9, 0xD3, 0xDF, 0xD8,
    0x10, 0x00, 0x00, 0x43, 0x9D, 0xC2, 0xE5, 0xE0, 0x77, 0x0E, 0x00, 0x00, 0x00, 0x00, 0x00, 0x00,
    0x78, 0xA0, 0x00, 0x00, 0x00, 0x00, 0x00, 0x00, 0x12, 0x00, 0x00, 0x00, 0x00, 0x00, 0x00, 0x00,
    0x2A, 0xDE, 0xED, 0xD0, 0x19, 0x00, 0x00, 0x1A, 0xEC, 0x40, 0xB6, 0x8F, 0x00, 0xAB, 0x98, 0x00,
    0x00, 0xB9, 0x8D, 0x00, 0xEE, 0x46, 0x00, 0x5E, 0xD1, 0x00, 0x6B, 0xD5, 0x08, 0x00, 0xE8, 0x4C,
    0x00, 0x65, 0xCB, 0x26, 0xF0, 0x31, 0x00, 0x00, 0xA4, 0xAB, 0x19, 0xC2, 0x89, 0xC8, 0x7A, 0x00,
    0x00, 0x00, 0x16, 0xB0, 0xE3, 0xA2, 0x8A, 0xC6, 0x04, 0x03, 0x00, 0x00, 0x00, 0x00, 0x00, 0x33,
    0xEF, 0x73, 0xEA, 0xF0, 0x88, 0x00, 0x00, 0x00, 0x08, 0xD6, 0x73, 0xEE, 0x4D, 0x16, 0xEE, 0x44,
    0x00, 0x00, 0x91, 0xB6, 0x38, 0xFA, 0x01, 0x00, 0xB0, 0x82, 0x00, 0x43, 0xEB, 0x19, 0x36, 0xFA,
    0x01, 0x00, 0xB3, 0x78, 0x10, 0xE2, 0x55, 0x00, 0x0A, 0xEB, 0x5A, 0x22, 0xF2, 0x33, 0xA4, 0xA4,
    0x00, 0x00, 0x00, 0x44, 0xDC, 0xE8, 0x6E, 0x00, 0x00, 0x1E, 0xAE, 0xA1, 0xBD, 0x71, 0x00, 0x00,
    0x00, 0x00, 0x00, 0xCB, 0x7C, 0x00, 0x18, 0xFF, 0x31, 0x00, 0x00, 0x00, 0x16, 0xFF, 0x60, 0x00,
    0x33, 0xFF, 0x42, 0x00, 0x00, 0x00, 0x05, 0xED, 0xC3, 0x13, 0xD0, 0xDA, 0x05, 0x00, 0x00, 0x00,
    0x00, 0x6D, 0xFF, 0xF0, 0xDE, 0x26, 0x00, 0x00, 0x00, 0x00, 0x00, 0x2F, 0xF8, 0xFF, 0x4F, 0x00,
    0x00, 0x16, 0x0C, 0x00, 0x20, 0xEE, 0x68, 0xA8, 0xEC, 0x26, 0x00, 0xF6, 0x7C, 0x00, 0xAA, 0xBD,
    0x00, 0x0A, 0xCE, 0xDC, 0x17, 0xFE, 0x65, 0x00, 0xEE, 0x7A, 0x00, 0x00, 0x1E, 0xE9, 0xDB, 0xFF,
    0x2B, 0x00, 0xE6, 0x9B, 0x00, 0x00, 0x00, 0x3D, 0xFE, 0xE0, 0x01, 0x00, 0x7B, 0xFB, 0x63, 0x0D,
    0x21, 0xA4, 0xEA, 0xFD, 0x8C, 0x00, 0x01, 0x62, 0xD0, 0xF5, 0xE2, 0xA7, 0x1E, 0x65, 0xB3, 0x33,
    0x00, 0x00, 0x00, 0x73, 0xFF, 0xFF, 0x0F, 0x00, 0x00, 0x00, 0x00, 0x00, 0x00, 0x49, 0xFF, 0xE5,
    0x00, 0x00, 0x00, 0x00, 0x00, 0x00, 0x00, 0x1E, 0xFF, 0xBB, 0x00, 0x00, 0x00, 0x00, 0x00, 0x00,
    0x00, 0x00, 0xF2, 0x92, 0x00, 0x00, 0x00, 0x00, 0x00, 0x00, 0x00, 0x00, 0xC9, 0x68, 0x00, 0x00,
    0x00, 0x00, 0x00, 0x00, 0x00, 0x00, 0x00, 0x00, 0x00, 0x00, 0x00, 0x00, 0x00, 0x00, 0x00, 0x00,
    0x00, 0x00, 0x00, 0x00, 0x00, 0x00, 0x00, 0x00, 0x00, 0x00, 0x00, 0x00, 0x00, 0x00, 0x00, 0x00,
    0x00, 0x00, 0x00, 0x00, 0x00, 0x00, 0x00, 0x00, 0x00, 0x00, 0x00, 0x00, 0x00, 0x00, 0x00, 0x00,
    0x00, 0x00, 0x00, 0x00, 0x00, 0x00, 0x00, 0x00, 0x00, 0x00, 0x00, 0x00, 0x00, 0x00, 0x00, 0x00,
    0x00, 0x00, 0x00, 0x00, 0x00, 0x00, 0x00, 0x00, 0x00, 0x00, 0x00, 0x00, 0x00, 0x00, 0x00, 0x00,
    0x00, 0x00, 0x00, 0x00, 0x00, 0x00, 0x00, 0x2B, 0x9D, 0xD4, 0x5C, 0x00, 0x00, 0x00, 0x00, 0x00,
    0x83, 0xFA, 0x97, 0x37, 0x04, 0x00, 0x00, 0x00, 0x00, 0x82, 0xF9, 0x47, 0x00, 0x00, 0x00, 0x00,
    0x00, 0x00, 0x31, 0xFC, 0x69, 0x00, 0x00, 0x00, 0x00, 0x00, 0x00, 0x00, 0xB9, 0xD5, 0x03, 0x00,
    0x00, 0x00, 0x00, 0x00, 0x00, 0x19, 0xFC, 0x76, 0x00, 0x00, 0x00, 0x00, 0x00, 0x00, 0x00, 0x5A,
    0xFF, 0x34, 0x00, 0x00, 0x00, 0x00, 0x00, 0x00, 0x00, 0x79, 0xFF, 0x18, 0x00, 0x00, 0x00, 0x00,
    0x00, 0x00, 0x00, 0x79, 0xFF, 0x18, 0x00, 0x00, 0x00, 0x00, 0x00, 0x00, 0x00, 0x5A, 0xFF, 0x33,
    0x00, 0x00, 0x00, 0x00, 0x00, 0x00, 0x00, 0x1A, 0xFD, 0x76, 0x00, 0x00, 0x00, 0x00, 0x00, 0x00,
    0x00, 0x00, 0xBC, 0xD3, 0x02, 0x00, 0x00, 0x00, 0x00, 0x00, 0x00, 0x00, 0x35, 0xFD, 0x68, 0x00,
    0x00, 0x00, 0x00, 0x00, 0x00, 0x00, 0x00, 0x87, 0xF9, 0x47, 0x00, 0x00, 0x00, 0x00, 0x00, 0x00,
    0x00, 0x00, 0x88, 0xFB, 0x98, 0x37, 0x04, 0x00, 0x00, 0x00, 0x00, 0x00, 0x00, 0x2E, 0xA1, 0xD7,
    0x5C, 0x00, 0x00, 0xB5, 0xC1, 0x76, 0x0A, 0x00, 0x00, 0x00, 0x00, 0x00, 0x00, 0x12, 0x51, 0xD0,
    0xE6, 0x33, 0x00, 0x00, 0x00, 0x00, 0x00, 0x00, 0x00, 0x04, 0xA4, 0xEF, 0x2C, 0x00, 0x00, 0x00,
    0x00, 0x00, 0x00, 0x00, 0x04, 0xCA, 0xC6, 0x01, 0x00, 0x00, 0x00, 0x00, 0x00, 0x00, 0x00, 0x3C,
    0xFF, 0x50, 0x00, 0x00, 0x00, 0x00, 0x00, 0x00, 0x00, 0x00, 0xDB, 0xAD, 0x00, 0x00, 0x00, 0x00,
    0x00, 0x00, 0x00, 0x00, 0x98, 0xF1, 0x00, 0x00, 0x00, 0x00, 0x00, 0x00, 0x00, 0x00, 0x7D, 0xFF,
    0x10, 0x00, 0x00, 0x00, 0x00, 0x00, 0x00, 0x00, 0x7D, 0xFF, 0x10, 0x00, 0x00, 0x00, 0x00, 0x00,
    0x00, 0x00, 0x98, 0xF2, 0x00, 0x00, 0x00, 0x00, 0x00, 0x00, 0x00, 0x00, 0xDA, 0xAF, 0x00, 0x00,
    0x00, 0x00, 0x00, 0x00, 0x00, 0x3A, 0xFF, 0x53, 0x00, 0x00, 0x00, 0x00, 0x00, 0x00, 0x04, 0xC9,
    0xC9, 0x02, 0x00, 0x00, 0x00, 0x00, 0x00, 0x03, 0xA4, 0xF1, 0x2E, 0x00, 0x00, 0x00, 0x00, 0x12,
    0x53, 0xD1, 0xE9, 0x36, 0x00, 0x00, 0x00, 0x00, 0x00, 0xB6, 0xC4, 0x7A, 0x0C, 0x00, 0x00, 0x00,
    0x00, 0x00, 0x00, 0x00, 0x00, 0x00, 0xEC, 0x7C, 0x00, 0x00, 0x00, 0x00, 0x00, 0x38, 0x90, 0x09,
    0xDB, 0x67, 0x33, 0xA1, 0x02, 0x00, 0x00, 0x58, 0xE8, 0xD9, 0xE6, 0xC2, 0xFB, 0xBF, 0x18, 0x00,
    0x00, 0x00, 0x10, 0xC6, 0xFF, 0xFE, 0x70, 0x00, 0x00, 0x00, 0x00, 0x59, 0xE9, 0xDA, 0xE6, 0xC2,
    0xFC, 0xC1, 0x19, 0x00, 0x00, 0x37, 0x90, 0x09, 0xDB, 0x67, 0x33, 0xA1, 0x01, 0x00, 0x00, 0x00,
    0x00, 0x00, 0xEC, 0x7D, 0x00, 0x00, 0x00, 0x00, 0x00, 0x00, 0x00, 0x00, 0x00, 0x00, 0x00, 0x00,
    0x00, 0x00, 0x00, 0x00, 0x00, 0x00, 0x00, 0x00, 0x00, 0x00, 0x00, 0x00, 0x00, 0x00, 0x00, 0x00,
    0x00, 0x00, 0x00, 0x00, 0x00, 0x00, 0x00, 0x00, 0x00, 0x00, 0x00, 0x00, 0x00, 0x00, 0x00, 0x00,
    0x00, 0x00, 0x00, 0x00, 0x00, 0x00, 0x00, 0x00, 0x00, 0x00, 0x00, 0x00, 0x00, 0x00, 0xD0, 0x68,
    0x00, 0x00, 0x00, 0x00, 0x00, 0x00, 0x00, 0x00, 0xD0, 0x68, 0x00, 0x00, 0x00, 0x00, 0x00, 0x00,
    0x00, 0x00, 0xD0, 0x68, 0x00, 0x00, 0x00, 0x00, 0x70, 0xFF, 0xFF, 0xFF, 0xFF, 0xFF, 0xFF, 0xFF,
    0xFF, 0x08, 0x00, 0x00, 0x00, 0x00, 0xD0, 0x68, 0x00, 0x00, 0x00, 0x00, 0x00, 0x00, 0x00, 0x00,
    0xD0, 0x68, 0x00, 0x00, 0x00, 0x00, 0x00, 0x00, 0x00, 0x00, 0xD0, 0x68, 0x00, 0x00, 0x00, 0x00,
    0x00, 0x00, 0x00, 0x00, 0xD0, 0x68, 0x00, 0x00, 0x00, 0x00, 0x00, 0x00, 0x00, 0x52, 0xF1, 0xAD,
    0x02, 0x00, 0x00, 0x00, 0x00, 0x00, 0x00, 0x76, 0xFF, 0xFF, 0x38, 0x00, 0x00, 0x00, 0x00, 0x00,
    0x00, 0x00, 0x65, 0xFF, 0x2C, 0x00, 0x00, 0x00, 0x00, 0x00, 0x00, 0x03, 0xA5, 0xBC, 0x00, 0x00,
    0x00, 0x00, 0x00, 0x00, 0x00, 0x99, 0xA2, 0x0F, 0x00, 0x00, 0x00, 0x00, 0x00, 0x38, 0xFF, 0xFF,
    0xFF, 0xFF, 0xFF, 0xD4, 0x00, 0x00, 0x00, 0x00, 0x00, 0x00, 0x00, 0x00, 0x00, 0x00, 0x00, 0x00,
    0x00, 0x00, 0x00, 0x00, 0x00, 0x00, 0x00, 0x00, 0x00, 0x00, 0x00, 0x00, 0x00, 0x00, 0x00, 0x00,
    0x00, 0x00, 0x00, 0x00, 0x00, 0x00, 0x00, 0x00, 0x00, 0x00, 0x00, 0x00, 0x00, 0x00, 0x00, 0x00,
    0x00, 0x40, 0xED, 0xC3, 0x03, 0x00, 0x00, 0x00, 0x00, 0x00, 0x00, 0x40, 0xEE, 0xC3, 0x02, 0x00,
    0x00, 0x00, 0x00, 0x00, 0x00, 0x00, 0x00, 0x00, 0x00, 0x5B, 0xEE, 0x17, 0x00, 0x00, 0x00, 0x00,
    0x00, 0x00, 0x13, 0xEA, 0x62, 0x00, 0x00, 0x00, 0x00, 0x00, 0x00, 0x00, 0xA3, 0xBE, 0x00, 0x00,
    0x00, 0x00, 0x00, 0x00, 0x00, 0x47, 0xF6, 0x24, 0x00, 0x00, 0x00, 0x00, 0x00, 0x00, 0x0B, 0xE0,
    0x78, 0x00, 0x00, 0x00, 0x00, 0x00, 0x00, 0x00, 0x90, 0xD0, 0x04, 0x00, 0x00, 0x00, 0x00, 0x00,
    0x00, 0x37, 0xFA, 0x34, 0x00, 0x00, 0x00, 0x00, 0x00, 0x00, 0x05, 0xD3, 0x8E, 0x00, 0x00, 0x00,
    0x00, 0x00, 0x00, 0x00, 0x7D, 0xE0, 0x0B, 0x00, 0x00, 0x00, 0x00, 0x00, 0x00, 0x28, 0xF8, 0x48,
    0x00, 0x00, 0x00, 0x00, 0x00, 0x00, 0x01, 0xC3, 0xA4, 0x00, 0x00, 0x00, 0x00, 0x00, 0x00, 0x00,
    0x6A, 0xEC, 0x15, 0x00, 0x00, 0x00, 0x00, 0x00, 0x00, 0x00, 0x00, 0x00, 0x43, 0xC7, 0xF6, 0xEB,
    0x9B, 0x12, 0x00, 0x00, 0x00, 0x3F, 0xFB, 0x8B, 0x0E, 0x2E, 0xDC, 0xCA, 0x04, 0x00, 0x00, 0xCD,
    0xD2, 0x01, 0x00, 0x00, 0x94, 0xFF, 0x62, 0x00, 0x23, 0xFF, 0x7D, 0x00, 0x00, 0x32, 0xE5, 0xDA,
    0xBA, 0x00, 0x54, 0xFF, 0x46, 0x00, 0x03, 0xCD, 0x5A, 0x9F, 0xEB, 0x00, 0x69, 0xFF, 0x30, 0x00,
    0x74, 0xB9, 0x00, 0x8D, 0xFE, 0x02, 0x6A, 0xFF, 0x26, 0x21, 0xEB, 0x22, 0x00, 0x9A, 0xFE, 0x02,
    0x54, 0xFF, 0x35, 0xB9, 0x77, 0x00, 0x00, 0xB2, 0xEB, 0x00, 0x24, 0xFF, 0xB8, 0xD2, 0x04, 0x00,
    0x02, 0xEC, 0xBA, 0x00, 0x00, 0xCD, 0xFF, 0x39, 0x00, 0x00, 0x3F, 0xFF, 0x62, 0x00, 0x00, 0x3F,
    0xFB, 0x8C, 0x0C, 0x2D, 0xD7, 0xCA, 0x04, 0x00, 0x00, 0x00, 0x43, 0xC7, 0xF7, 0xEB, 0x9C, 0x12,
    0x00, 0x00, 0x00, 0x00, 0x00, 0x4A, 0xED, 0xE4, 0x00, 0x00, 0x00, 0x00, 0x00, 0x21, 0xA6, 0xFB,
    0xE0, 0xE4, 0x00, 0x00, 0x00, 0x00, 0x00, 0x88, 0xCA, 0x3C, 0x90, 0xE4, 0x00, 0x00, 0x00, 0x00,
    0x00, 0x0F, 0x00, 0x00, 0x90, 0xE4, 0x00, 0x00, 0x00, 0x00, 0x00, 0x00, 0x00, 0x00, 0x90, 0xE4,
    0x00, 0x00, 0x00, 0x00, 0x00, 0x00, 0x00, 0x00, 0x90, 0xE4, 0x00, 0x00, 0x00, 0x00, 0x00, 0x00,
    0x00, 0x00, 0x90, 0xE4, 0x00, 0x00, 0x00, 0x00, 0x00, 0x00, 0x00, 0x00, 0x90, 0xE4, 0x00, 0x00,
    0x00, 0x00, 0x00, 0x00, 0x00, 0x00, 0x90, 0xE4, 0x00, 0x00, 0x00, 0x00, 0x00, 0x00, 0x00, 0x00,
    0x90, 0xE4, 0x00, 0x00, 0x00, 0x00, 0x00, 0x00, 0x00, 0x00, 0x90, 0xE4, 0x00, 0x00, 0x00, 0x00,
    0x00, 0x88, 0xFF, 0xFF, 0xFF, 0xFF, 0xFF, 0xFF, 0xD0, 0x00, 0x00, 0x30, 0x99, 0xD6, 0xF7, 0xF4,
    0xBF, 0x3A, 0x00, 0x00, 0x00, 0x89, 0x98, 0x52, 0x30, 0x51, 0xDC, 0xF2, 0x12, 0x00, 0x00, 0x00,
    0x00, 0x00, 0x00, 0x00, 0x52, 0xFF, 0x46, 0x00, 0x00, 0x00, 0x00, 0x00, 0x00, 0x00, 0x78, 0xFE,
    0x22, 0x00, 0x00, 0x00, 0x00, 0x00, 0x00, 0x31, 0xF5, 0xA1, 0x00, 0x00, 0x00, 0x00, 0x00, 0x00,
    0x25, 0xE8, 0xCA, 0x0C, 0x00, 0x00, 0x00, 0x00, 0x00, 0x25, 0xE4, 0xCF, 0x12, 0x00, 0x00, 0x00,
    0x00, 0x00, 0x1E, 0xE3, 0xCC, 0x12, 0x00, 0x00, 0x00, 0x00, 0x00, 0x0D, 0xD7, 0xD3, 0x11, 0x00,
    0x00, 0x00, 0x00, 0x00, 0x00, 0x87, 0xFC, 0x28, 0x00, 0x00, 0x00, 0x00, 0x00, 0x00, 0x00, 0xC7,
    0xC2, 0x00, 0x00, 0x00, 0x00, 0x00, 0x00, 0x00, 0x00, 0xD4, 0xFF, 0xFF, 0xFF, 0xFF, 0xFF, 0xFF,
    0x80, 0x00, 0x00, 0x63, 0xCF, 0xF2, 0xF9, 0xDF, 0x8F, 0x0A, 0x00, 0x00, 0x00, 0x62, 0x4E, 0x17,
    0x0D, 0x59, 0xF9, 0x99, 0x00, 0x00, 0x00, 0x00, 0x00, 0x00, 0x00, 0x00, 0xAA, 0xEC, 0x00, 0x00,
    0x00, 0x00, 0x00, 0x00, 0x00, 0x00, 0xC8, 0xD2, 0x00, 0x00, 0x00, 0x00, 0x00, 0x03, 0x21, 0x94,
    0xF5, 0x41, 0x00, 0x00, 0x00, 0x00, 0x98, 0xFF, 0xFF, 0xFE, 0x7A, 0x05, 0x00, 0x00, 0x00, 0x00,
    0x00, 0x04, 0x1A, 0x5F, 0xEA, 0xCB, 0x0A, 0x00, 0x00, 0x00, 0x00, 0x00, 0x00, 0x00, 0x47, 0xFF,
    0x6E, 0x00, 0x00, 0x00, 0x00, 0x00, 0x00, 0x00, 0x09, 0xFF, 0x90, 0x00, 0x00, 0x00, 0x00, 0x00,
    0x00, 0x00, 0x3F, 0xFF, 0x61, 0x00, 0x00, 0xA0, 0x5B, 0x1D, 0x0C, 0x4A, 0xE1, 0xC2, 0x05, 0x00,
    0x00, 0x8E, 0xE0, 0xF9, 0xF8, 0xD4, 0x7A, 0x07, 0x00, 0x00, 0x00, 0x00, 0x00, 0x00, 0x03, 0xC9,
    0xFC, 0x00, 0x00, 0x00, 0x00, 0x00, 0x00, 0x00, 0x78, 0xFF, 0xFC, 0x00, 0x00, 0x00, 0x00, 0x00,
    0x00, 0x29, 0xF8, 0xF7, 0xFC, 0x00, 0x00, 0x00, 0x00, 0x00, 0x03, 0xC8, 0xE7, 0x8B, 0xFC, 0x00,
    0x00, 0x00, 0x00, 0x00, 0x77, 0xFF, 0x4C, 0x78, 0xFC, 0x00, 0x00, 0x00, 0x00, 0x28, 0xF7, 0x9E,
    0x00, 0x78, 0xFC, 0x00, 0x00, 0x00, 0x03, 0xC7, 0xE1, 0x0E, 0x00, 0x78, 0xFC, 0x00, 0x00, 0x00,
    0x70, 0xFE, 0x43, 0x00, 0x00, 0x78, 0xFC, 0x00, 0x00, 0x00, 0xA0, 0xFF, 0xFF, 0xFF, 0xFF, 0xFF,
    0xFF, 0xFF, 0xFF, 0x3C, 0x00, 0x00, 0x00, 0x00, 0x00, 0x78, 0xFC, 0x00, 0x00, 0x00, 0x00, 0x00,
    0x00, 0x00, 0x00, 0x78, 0xFC, 0x00, 0x00, 0x00, 0x00, 0x00, 0x00, 0x00, 0x00, 0x78, 0xFC, 0x00,
    0x00, 0x00, 0x00, 0x88, 0xFF, 0xFF, 0xFF, 0xFF, 0xFF, 0xFF, 0x44, 0x00, 0x00, 0x88, 0xEC, 0x00,
    0x00, 0x00, 0x00, 0x00, 0x00, 0x00, 0x00, 0x88, 0xEC, 0x00, 0x00, 0x00, 0x00, 0x00, 0x00, 0x00,
    0x00, 0x88, 0xEC, 0x00, 0x00, 0x00, 0x00, 0x00, 0x00, 0x00, 0x00, 0x88, 0xFF, 0xFA, 0xE6, 0xB4,
    0x52, 0x00, 0x00, 0x00, 0x00, 0x00, 0x02, 0x10, 0x3A, 0x9B, 0xFF, 0x9F, 0x00, 0x00, 0x00, 0x00,
    0x00, 0x00, 0x00, 0x00, 0x85, 0xFF, 0x4D, 0x00, 0x00, 0x00, 0x00, 0x00, 0x00, 0x00, 0x18, 0xFF,
    0x92, 0x00, 0x00, 0x00, 0x00, 0x00, 0x00, 0x00, 0x14, 0xFF, 0x8E, 0x00, 0x00, 0x00, 0x00, 0x00,
    0x00, 0x00, 0x6B, 0xFF, 0x4B, 0x00, 0x00, 0x83, 0x53, 0x1C, 0x0B, 0x5F, 0xF3, 0xA9, 0x01, 0x00,
    0x00, 0x7F, 0xD1, 0xF2, 0xF7, 0xCE, 0x69, 0x02, 0x00, 0x00, 0x00, 0x00, 0x04, 0x72, 0xD3, 0xF8,
    0xF4, 0xD2, 0x16, 0x00, 0x00, 0x01, 0xB0, 0xEB, 0x4E, 0x09, 0x1C, 0x65, 0x13, 0x00, 0x00, 0x66,
    0xFF, 0x47, 0x00, 0x00, 0x00, 0x00, 0x00, 0x00, 0x00, 0xD1, 0xD7, 0x00, 0x00, 0x00, 0x00, 0x00,
    0x00, 0x00, 0x0F, 0xFE, 0x84, 0x00, 0x00, 0x00, 0x00, 0x00, 0x00, 0x00, 0x2B, 0xFF, 0x64, 0x50,
    0xCF, 0xF7, 0xD9, 0x72, 0x02, 0x00, 0x2F, 0xFF, 0xAF, 0xCD, 0x33, 0x0C, 0x52, 0xF5, 0x7F, 0x00,
    0x1B, 0xFF, 0xFE, 0x21, 0x00, 0x00, 0x00, 0x91, 0xEC, 0x00, 0x00, 0xE9, 0xE7, 0x00, 0x00, 0x00,
    0x00, 0x71, 0xFD, 0x02, 0x00, 0x93, 0xFC, 0x15, 0x00, 0x00, 0x00, 0xAE, 0xC8, 0x00, 0x00, 0x19,
    0xE9, 0xBF, 0x25, 0x0F, 0x7A, 0xF9, 0x3D, 0x00, 0x00, 0x00, 0x27, 0xB4, 0xF2, 0xF5, 0xBE, 0x3A,
    0x00, 0x00, 0x00, 0xB8, 0xFF, 0xFF, 0xFF, 0xFF, 0xFF, 0xFF, 0xF7, 0x00, 0x00, 0x00, 0x00, 0x00,
    0x00, 0x00, 0x00, 0xB1, 0xD8, 0x00, 0x00, 0x00, 0x00, 0x00, 0x00, 0x00, 0x3C, 0xFF, 0x73, 0x00,
    0x00, 0x00, 0x00, 0x00, 0x00, 0x11, 0xE1, 0xC4, 0x03, 0x00, 0x00, 0x00, 0x00, 0x00, 0x00, 0xB0,
    0xEF, 0x20, 0x00, 0x00, 0x00, 0x00, 0x00, 0x00, 0x66, 0xFF, 0x55, 0x00, 0x00, 0x00, 0x00, 0x00,
    0x00, 0x1F, 0xF3, 0xA0, 0x00, 0x00, 0x00, 0x00, 0x00, 0x00, 0x00, 0xAF, 0xEA, 0x10, 0x00, 0x00,
    0x00, 0x00, 0x00, 0x00, 0x26, 0xFF, 0x7F, 0x00, 0x00, 0x00, 0x00, 0x00, 0x00, 0x00, 0x66, 0xFF,
    0x2D, 0x00, 0x00, 0x00, 0x00, 0x00, 0x00, 0x00, 0x7E, 0xFF, 0x14, 0x00, 0x00, 0x00, 0x00, 0x00,
    0x00, 0x00, 0x84, 0xFF, 0x10, 0x00, 0x00, 0x00, 0x00, 0x00, 0x00, 0x00, 0x1E, 0xA7, 0xE9, 0xF5,
    0xBB, 0x2D, 0x00, 0x00, 0x00, 0x08, 0xD9, 0xA5, 0x12, 0x21, 0xC5, 0xE5, 0x07, 0x00, 0x00, 0x3B,
    0xFF, 0x25, 0x00, 0x00, 0x50, 0xFF, 0x28, 0x00, 0x00, 0x23, 0xFE, 0x6B, 0x00, 0x00, 0x89, 0xE8,
    0x06, 0x00, 0x00, 0x00, 0x92, 0xFB, 0x6D, 0x5D, 0xF6, 0x49, 0x00, 0x00, 0x00, 0x00, 0x01, 0xBC,
    0xFF, 0xFF, 0x65, 0x00, 0x00, 0x00, 0x00, 0x00, 0x94, 0xF1, 0x54, 0xBF, 0xF4, 0x4F, 0x00, 0x00,
    0x00, 0x71, 0xFF, 0x44, 0x00, 0x08, 0xBF, 0xFA, 0x35, 0x00, 0x00, 0xDD, 0xBE, 0x00, 0x00, 0x00,
    0x1A, 0xFE, 0x99, 0x00, 0x00, 0xE0, 0xBB, 0x00, 0x00, 0x00, 0x07, 0xF8, 0x90, 0x00, 0x00, 0x80,
    0xFF, 0x77, 0x10, 0x1D, 0xA9, 0xF8, 0x2F, 0x00, 0x00, 0x03, 0x6E, 0xD2, 0xF4, 0xEB, 0xBC, 0x3A,
    0x00, 0x00, 0x00, 0x03, 0x7B, 0xDC, 0xF9, 0xE0, 0x7F, 0x04, 0x00, 0x00, 0x00, 0xA2, 0xE1, 0x40,
    0x0B, 0x56, 0xF5, 0x98, 0x00, 0x00, 0x32, 0xFF, 0x48, 0x00, 0x00, 0x00, 0x7D, 0xFE, 0x2A, 0x00,
    0x68, 0xFF, 0x0C, 0x00, 0x00, 0x00, 0x4F, 0xFF, 0x80, 0x00, 0x55, 0xFF, 0x2A, 0x00, 0x00, 0x00,
    0x88, 0xFF, 0xB1, 0x00, 0x0B, 0xE1, 0xBF, 0x24, 0x0F, 0x63, 0xDC, 0xCC, 0xC6, 0x00, 0x00, 0x1E,
    0xA7, 0xEE, 0xF1, 0xAB, 0x1C, 0xCD, 0xC1, 0x00, 0x00, 0x00, 0x00, 0x00, 0x00, 0x00, 0x01, 0xEB,
    0xA6, 0x00, 0x00, 0x00, 0x00, 0x00, 0x00, 0x00, 0x3F, 0xFF, 0x68, 0x00, 0x00, 0x00, 0x00, 0x00,
    0x00, 0x00, 0xAD, 0xED, 0x0F, 0x00, 0x00, 0x45, 0x3D, 0x0D, 0x17, 0x8F, 0xFB, 0x4E, 0x00, 0x00,
    0x00, 0x66, 0xE4, 0xFA, 0xF0, 0xB6, 0x38, 0x00, 0x00, 0x00, 0x00, 0x00, 0x00, 0x32, 0xE9, 0xB3,
    0x00, 0x00, 0x00, 0x00, 0x00, 0x00, 0x00, 0x69, 0xFF, 0xF9, 0x07, 0x00, 0x00, 0x00, 0x00, 0x00,
    0x00, 0x08, 0x75, 0x47, 0x00, 0x00, 0x00, 0x00, 0x00, 0x00, 0x00, 0x00, 0x00, 0x00, 0x00, 0x00,
    0x00, 0x00, 0x00, 0x00, 0x00, 0x00, 0x00, 0x00, 0x00, 0x00, 0x00, 0x00, 0x00, 0x00, 0x00, 0x00,
    0x00, 0x00, 0x00, 0x00, 0x00, 0x00, 0x00, 0x00, 0x00, 0x07, 0x71, 0x42, 0x00, 0x00, 0x00, 0x00,
    0x00, 0x00, 0x00, 0x69, 0xFF, 0xF8, 0x07, 0x00, 0x00, 0x00, 0x00, 0x00, 0x00, 0x33, 0xEA, 0xB7,
    0x00, 0x00, 0x00, 0x00, 0x00, 0x00, 0x00, 0x49, 0xEF, 0x93, 0x00, 0x00, 0x00, 0x00, 0x00, 0x00,
    0x00, 0x89, 0xFF, 0xDD, 0x00, 0x00, 0x00, 0x00, 0x00, 0x00, 0x00, 0x11, 0x7C, 0x35, 0x00, 0x00,
    0x00, 0x00, 0x00, 0x00, 0x00, 0x00, 0x00, 0x00, 0x00, 0x00, 0x00, 0x00, 0x00, 0x00, 0x00, 0x00,
    0x00, 0x00, 0x00, 0x00, 0x00, 0x00, 0x00, 0x00, 0x00, 0x00, 0x00, 0x00, 0x00, 0x00, 0x00, 0x00,
    0x00, 0x00, 0x00, 0x20, 0x9F, 0x57, 0x00, 0x00, 0x00, 0x00, 0x00, 0x00, 0x00, 0x8E, 0xFF, 0xFB,
    0x1C, 0x00, 0x00, 0x00, 0x00, 0x00, 0x00, 0x36, 0xD6, 0xFF, 0x3F, 0x00, 0x00, 0x00, 0x00, 0x00,
    0x00, 0x00, 0x4D, 0xFD, 0x19, 0x00, 0x00, 0x00, 0x00, 0x00, 0x00, 0x12, 0xC6, 0x9B, 0x00, 0x00,
    0x00, 0x00, 0x00, 0x00, 0x00, 0xA0, 0x93, 0x06, 0x00, 0x00, 0x00, 0x00, 0x00, 0x00, 0x00, 0x00,
    0x00, 0x00, 0x00, 0x46, 0xBF, 0x07, 0x00, 0x00, 0x00, 0x00, 0x02, 0x54, 0xCD, 0xF1, 0x88, 0x02,
    0x00, 0x00, 0x06, 0x62, 0xD9, 0xE8, 0x79, 0x0F, 0x00, 0x00, 0x0B, 0x70, 0xE3, 0xDE, 0x6A, 0x08,
    0x00, 0x00, 0x00, 0x00, 0x0B, 0x71, 0xE4, 0xDD, 0x67, 0x07, 0x00, 0x00, 0x00, 0x00, 0x00, 0x00,
    0x06, 0x63, 0xD9, 0xE6, 0x74, 0x0C, 0x00, 0x00, 0x00, 0x00, 0x00, 0x00, 0x02, 0x55, 0xCD, 0xED,
    0x80, 0x02, 0x00, 0x00, 0x00, 0x00, 0x00, 0x00, 0x00, 0x47, 0xC0, 0x07, 0x70, 0xFF, 0xFF, 0xFF,
    0xFF, 0xFF, 0xFF, 0xFF, 0xFF, 0x08, 0x00, 0x00, 0x00, 0x00, 0x00, 0x00, 0x00, 0x00, 0x00, 0x00,
    0x00, 0x00, 0x00, 0x00, 0x00, 0x00, 0x00, 0x00, 0x00, 0x00, 0x70, 0xFF, 0xFF, 0xFF, 0xFF, 0xFF,
    0xFF, 0xFF, 0xFF, 0x08, 0x00, 0x00, 0x00, 0x00, 0x00, 0x00, 0x00, 0x00, 0x00, 0x00, 0x00, 0x00,
    0x00, 0x00, 0x00, 0x00, 0x00, 0x00, 0x00, 0x00, 0x64, 0x8E, 0x1B, 0x00, 0x00, 0x00, 0x00, 0x00,
    0x00, 0x00, 0x29, 0xB5, 0xF8, 0x9C, 0x26, 0x00, 0x00, 0x00, 0x00, 0x00, 0x00, 0x00, 0x2F, 0xA7,
    0xFA, 0xAA, 0x32, 0x00, 0x00, 0x00, 0x00, 0x00, 0x00, 0x00, 0x23, 0x98, 0xF7, 0xB8, 0x3F, 0x00,
    0x00, 0x00, 0x00, 0x00, 0x22, 0x97, 0xF7, 0xB9, 0x40, 0x00, 0x00, 0x00, 0x2E, 0xA6, 0xFA, 0xAB,
    0x32, 0x00, 0x00, 0x00, 0x29, 0xB4, 0xF8, 0x9D, 0x26, 0x00, 0x00, 0x00, 0x00, 0x00, 0x64, 0x8F,
    0x1C, 0x00, 0x00, 0x00, 0x00, 0x00, 0x00, 0x00, 0x00, 0x2F, 0xAE, 0xE4, 0xF9, 0xE9, 0xB6, 0x36,
    0x00, 0x00, 0x00, 0x51, 0x7B, 0x2A, 0x09, 0x22, 0xC2, 0xF1, 0x0C, 0x00, 0x00, 0x00, 0x00, 0x00,
    0x00, 0x00, 0x68, 0xFF, 0x31, 0x00, 0x00, 0x00, 0x00, 0x00, 0x00, 0x04, 0xCC, 0xE3, 0x05, 0x00,
    0x00, 0x00, 0x00, 0x00, 0x00, 0x91, 0xF8, 0x3F, 0x00, 0x00, 0x00, 0x00, 0x00, 0x00, 0x72, 0xF9,
    0x48, 0x00, 0x00, 0x00, 0x00, 0x00, 0x00, 0x43, 0xFE, 0x57, 0x00, 0x00, 0x00, 0x00, 0x00, 0x00,
    0x00, 0xB9, 0xBF, 0x00, 0x00, 0x00, 0x00, 0x00, 0x00, 0x00, 0x00, 0xB5, 0x7F, 0x00, 0x00, 0x00,
    0x00, 0x00, 0x00, 0x00, 0x00, 0x1D, 0x15, 0x00, 0x00, 0x00, 0x00, 0x00, 0x00, 0x00, 0x17, 0xF7,
    0xE8, 0x02, 0x00, 0x00, 0x00, 0x00, 0x00, 0x00, 0x0D, 0xD8, 0xBF, 0x00, 0x00, 0x00, 0x00, 0x00,
    0x00, 0x00, 0x4F, 0xC6, 0xF5, 0xEF, 0xB1, 0x2E, 0x00, 0x00, 0x00, 0x69, 0xE4, 0x51, 0x0D, 0x1A,
    0x73, 0xEC, 0x38, 0x00, 0x21, 0xF1, 0x2B, 0x00, 0x00, 0x00, 0x00, 0x4F, 0xD8, 0x02, 0x87, 0x97,
    0x06, 0x80, 0xCC, 0xDF, 0xAB, 0x00, 0xCE, 0x43, 0xCA, 0x41, 0x8C, 0xFC, 0xB0, 0xC4, 0xC4, 0x00,
    0x87, 0x7C, 0xEE, 0x18, 0xF5, 0x7A, 0x00, 0x70, 0xC4, 0x00, 0x68, 0x92, 0xF6, 0x27, 0xFF, 0x30,
    0x00, 0x79, 0xC4, 0x00, 0x7A, 0x87, 0xE7, 0x23, 0xFC, 0x20, 0x1B, 0xE2, 0xDA, 0x08, 0xD3, 0x46,
    0xC8, 0x3F, 0x8F, 0xC6, 0xC9, 0x44, 0xF9, 0xF8, 0x9C, 0x00, 0x82, 0x92, 0x00, 0x1F, 0x0A, 0x00,
    0x15, 0x1E, 0x00, 0x00, 0x1D, 0xEE, 0x28, 0x00, 0x00, 0x00, 0x00, 0x00, 0x00, 0x00, 0x00, 0x66,
    0xE5, 0x57, 0x0F, 0x16, 0x80, 0x2C, 0x00, 0x00, 0x00, 0x00, 0x4E, 0xC4, 0xF0, 0xED, 0xA2, 0x0E,
    0x00, 0x00, 0x00, 0x00, 0x00, 0x27, 0xFF, 0xBF, 0x00, 0x00, 0x00, 0x00, 0x00, 0x00, 0x00, 0x78,
    0xFF, 0xFC, 0x13, 0x00, 0x00, 0x00, 0x00, 0x00, 0x00, 0xC8, 0xE6, 0xFF, 0x5F, 0x00, 0x00, 0x00,
    0x00, 0x00, 0x18, 0xFE, 0x6E, 0xF2, 0xAF, 0x00, 0x00, 0x00, 0x00, 0x00, 0x67, 0xFE, 0x19, 0xA7,
    0xF5, 0x09, 0x00, 0x00, 0x00, 0x00, 0xB7, 0xC5, 0x00, 0x53, 0xFF, 0x4F, 0x00, 0x00, 0x00, 0x0D,
    0xF8, 0x73, 0x00, 0x09, 0xF4, 0x9F, 0x00, 0x00, 0x00, 0x56, 0xFF, 0x21, 0x00, 0x00, 0xAA, 0xEB,
    0x03, 0x00, 0x00, 0xA6, 0xFF, 0xFF, 0xFF, 0xFF, 0xFF, 0xFF, 0x3F, 0x00, 0x05, 0xEF, 0x74, 0x00,
    0x00, 0x00, 0x09, 0xF7, 0x8F, 0x00, 0x45, 0xFF, 0x2F, 0x00, 0x00, 0x00, 0x00, 0xBA, 0xDF, 0x00,
    0x94, 0xE9, 0x01, 0x00, 0x00, 0x00, 0x00, 0x73, 0xFF, 0x2F, 0x00, 0xA8, 0xFF, 0xFF, 0xFB, 0xE9,
    0xB0, 0x1F, 0x00, 0x00, 0x00, 0xA8, 0xEC, 0x00, 0x0A, 0x37, 0xE1, 0xC5, 0x00, 0x00, 0x00, 0xA8,
    0xEC, 0x00, 0x00, 0x00, 0x90, 0xF4, 0x00, 0x00, 0x00, 0xA8, 0xEC, 0x00, 0x00, 0x00, 0xBD, 0xC2,
    0x00, 0x00, 0x00, 0xA8, 0xEC, 0x00, 0x0A, 0x83, 0xEF, 0x31, 0x00, 0x00, 0x00, 0xA8, 0xFF, 0xFF,
    0xFF, 0xFF, 0x70, 0x00, 0x00, 0x00, 0x00, 0xA8, 0xEC, 0x03, 0x18, 0x66, 0xF3, 0x95, 0x00, 0x00,
    0x00, 0xA8, 0xEC, 0x00, 0x00, 0x00, 0x6A, 0xFF, 0x2F, 0x00, 0x00, 0xA8, 0xEC, 0x00, 0x00, 0x00,
    0x2D, 0xFF, 0x65, 0x00, 0x00, 0xA8, 0xEC, 0x00, 0x00, 0x00, 0x54, 0xFF, 0x4B, 0x00, 0x00, 0xA8,
    0xEC, 0x00, 0x06, 0x3C, 0xDF, 0xD6, 0x05, 0x00, 0x00, 0xA8, 0xFF, 0xFF, 0xFB, 0xE7, 0xA6, 0x1B,
    0x00, 0x00, 0x00, 0x00, 0x00, 0x47, 0xB9, 0xEC, 0xF5, 0xD1, 0x51, 0x00, 0x00, 0x00, 0x76, 0xFE,
    0x85, 0x16, 0x13, 0x4D, 0x50, 0x00, 0x00, 0x35, 0xFD, 0x89, 0x00, 0x00, 0x00, 0x00, 0x00, 0x00,
    0x00, 0xA4, 0xF5, 0x0D, 0x00, 0x00, 0x00, 0x00, 0x00, 0x00, 0x00, 0xEA, 0xB8, 0x00, 0x00, 0x00,
    0x00, 0x00, 0x00, 0x00, 0x07, 0xFF, 0x97, 0x00, 0x00, 0x00, 0x00, 0x00, 0x00, 0x00, 0x08, 0xFF,
    0x97, 0x00, 0x00, 0x00, 0x00, 0x00, 0x00, 0x00, 0x00, 0xEB, 0xBA, 0x00, 0x00, 0x00, 0x00, 0x00,
    0x00, 0x00, 0x00, 0xA5, 0xF8, 0x0F, 0x00, 0x00, 0x00, 0x00, 0x00, 0x00, 0x00, 0x37, 0xFD, 0x8B,
    0x00, 0x00, 0x00, 0x00, 0x00, 0x00, 0x00, 0x00, 0x78, 0xFE, 0x81, 0x15, 0x12, 0x4C, 0x4E, 0x00,
    0x00, 0x00, 0x00, 0x49, 0xBA, 0xEE, 0xF5, 0xD2, 0x52, 0x00, 0x00, 0xC8, 0xFF, 0xFF, 0xFA, 0xE0,
    0x94, 0x0E, 0x00, 0x00, 0x00, 0xC8, 0xC8, 0x00, 0x0F, 0x46, 0xDF, 0xC6, 0x02, 0x00, 0x00, 0xC8,
    0xC8, 0x00, 0x00, 0x00, 0x37, 0xFF, 0x59, 0x00, 0x00, 0xC8, 0xC8, 0x00, 0x00, 0x00, 0x00, 0xDA,
    0xA9, 0x00, 0x00, 0xC8, 0xC8, 0x00, 0x00, 0x00, 0x00, 0xAF, 0xDB, 0x00, 0x00, 0xC8, 0xC8, 0x00,
    0x00, 0x00, 0x00, 0xA1, 0xEE, 0x00, 0x00, 0xC8, 0xC8, 0x00, 0x00, 0x00, 0x00, 0xA4, 0xEE, 0x00,
    0x00, 0xC8, 0xC8, 0x00, 0x00, 0x00, 0x00, 0xB3, 0xD9, 0x00, 0x00, 0xC8, 0xC8, 0x00, 0x00, 0x00,
    0x00, 0xDE, 0xA2, 0x00, 0x00, 0xC8, 0xC8, 0x00, 0x00, 0x00, 0x3D, 0xFF, 0x49, 0x00, 0x00, 0xC8,
    0xC8, 0x00, 0x12, 0x4D, 0xE2, 0xB2, 0x00, 0x00, 0x00, 0xC8, 0xFF, 0xFF, 0xFB, 0xDE, 0x8C, 0x09,
    0x00, 0x00, 0x00, 0x6C, 0xFF, 0xFF, 0xFF, 0xFF, 0xFF, 0xFF, 0x00, 0x00, 0x00, 0x6C, 0xFF, 0x28,
    0x00, 0x00, 0x00, 0x00, 0x00, 0x00, 0x00, 0x6C, 0xFF, 0x28, 0x00, 0x00, 0x00, 0x00, 0x00, 0x00,
    0x00, 0x6C, 0xFF, 0x28, 0x00, 0x00, 0x00, 0x00, 0x00, 0x00, 0x00, 0x6C, 0xFF, 0x28, 0x00, 0x00,
    0x00, 0x00, 0x00, 0x00, 0x00, 0x6C, 0xFF, 0xFF, 0xFF, 0xFF, 0xFF, 0x84, 0x00, 0x00, 0x00, 0x6C,
    0xFF, 0x28, 0x00, 0x00, 0x00, 0x00, 0x00, 0x00, 0x00, 0x6C, 0xFF, 0x28, 0x00, 0x00, 0x00, 0x00,
    0x00, 0x00, 0x00, 0x6C, 0xFF, 0x28, 0x00, 0x00, 0x00, 0x00, 0x00, 0x00, 0x00, 0x6C, 0xFF, 0x28,
    0x00, 0x00, 0x00, 0x00, 0x00, 0x00, 0x00, 0x6C, 0xFF, 0x28, 0x00, 0x00, 0x00, 0x00, 0x00, 0x00,
    0x00, 0x6C, 0xFF, 0xFF, 0xFF, 0xFF, 0xFF, 0xFF, 0x20, 0x00, 0x00, 0x38, 0xFF, 0xFF, 0xFF, 0xFF,
    0xFF, 0xFF, 0x70, 0x00, 0x00, 0x38, 0xFF, 0x5C, 0x00, 0x00, 0x00, 0x00, 0x00, 0x00, 0x00, 0x38,
    0xFF, 0x5C, 0x00, 0x00, 0x00, 0x00, 0x00, 0x00, 0x00, 0x38, 0xFF, 0x5C, 0x00, 0x00, 0x00, 0x00,
    0x00, 0x00, 0x00, 0x38, 0xFF, 0x5C, 0x00, 0x00, 0x00, 0x00, 0x00, 0x00, 0x00, 0x38, 0xFF, 0xFF,
    0xFF, 0xFF, 0xFF, 0xF4, 0x00, 0x00, 0x00, 0x38, 0xFF, 0x5C, 0x00, 0x00, 0x00, 0x00, 0x00, 0x00,
    0x00, 0x38, 0xFF, 0x5C, 0x00, 0x00, 0x00, 0x00, 0x00, 0x00, 0x00, 0x38, 0xFF, 0x5C, 0x00, 0x00,
    0x00, 0x00, 0x00, 0x00, 0x00, 0x38, 0xFF, 0x5C, 0x00, 0x00, 0x00, 0x00, 0x00, 0x00, 0x00, 0x38,
    0xFF, 0x5C, 0x00, 0x00, 0x00, 0x00, 0x00, 0x00, 0x00, 0x38, 0xFF, 0x5C, 0x00, 0x00, 0x00, 0x00,
    0x00, 0x00, 0x00, 0x00, 0x00, 0x47, 0xB9, 0xEC, 0xF5, 0xD1, 0x51, 0x00, 0x00, 0x00, 0x76, 0xFE,
    0x82, 0x15, 0x14, 0x4E, 0x50, 0x00, 0x00, 0x35, 0xFD, 0x88, 0x00, 0x00, 0x00, 0x00, 0x00, 0x00,
    0x00, 0xA4, 0xF6, 0x0D, 0x00, 0x00, 0x00, 0x00, 0x00, 0x00, 0x00, 0xEA, 0xB8, 0x00, 0x00, 0x00,
    0x00, 0x00, 0x00, 0x00, 0x07, 0xFF, 0x97, 0x00, 0x00, 0x00, 0x00, 0x00, 0x00, 0x00, 0x08, 0xFF,
    0x9B, 0x00, 0x00, 0x48, 0xFF, 0xFF, 0x80, 0x00, 0x00, 0xEB, 0xBB, 0x00, 0x00, 0x00, 0x14, 0xFF,
    0x80, 0x00, 0x00, 0xA4, 0xF8, 0x13, 0x00, 0x00, 0x14, 0xFF, 0x80, 0x00, 0x00, 0x35, 0xFD, 0x82,
    0x00, 0x00, 0x14, 0xFF, 0x80, 0x00, 0x00, 0x00, 0x77, 0xFB, 0x7D, 0x19, 0x14, 0xFF, 0x80, 0x00,
    0x00, 0x00, 0x00, 0x49, 0xB9, 0xEC, 0xF8, 0xDB, 0x59, 0x00, 0x04, 0xFF, 0x90, 0x00, 0x00, 0x00,
    0x00, 0xF4, 0xA0, 0x00, 0x04, 0xFF, 0x90, 0x00, 0x00, 0x00, 0x00, 0xF4, 0xA0, 0x00, 0x04, 0xFF,
    0x90, 0x00, 0x00, 0x00, 0x00, 0xF4, 0xA0, 0x00, 0x04, 0xFF, 0x90, 0x00, 0x00, 0x00, 0x00, 0xF4,
    0xA0, 0x00, 0x04, 0xFF, 0x90, 0x00, 0x00, 0x00, 0x00, 0xF4, 0xA0, 0x00, 0x04, 0xFF, 0xFF, 0xFF,
    0xFF, 0xFF, 0xFF, 0xFF, 0xA0, 0x00, 0x04, 0xFF, 0x90, 0x00, 0x00, 0x00, 0x00, 0xF4, 0xA0, 0x00,
    0x04, 0xFF, 0x90, 0x00, 0x00, 0x00, 0x00, 0xF4, 0xA0, 0x00, 0x04, 0xFF, 0x90, 0x00, 0x00, 0x00,
    0x00, 0xF4, 0xA0, 0x00, 0x04, 0xFF, 0x90, 0x00, 0x00, 0x00, 0x00, 0xF4, 0xA0, 0x00, 0x04, 0xFF,
    0x90, 0x00, 0x00, 0x00, 0x00, 0xF4, 0xA0, 0x00, 0x04, 0xFF, 0x90, 0x00, 0x00, 0x00, 0x00, 0xF4,
    0xA0, 0x00, 0x00, 0xA8, 0xFF, 0xFF, 0xFF, 0xFF, 0xFF, 0xFF, 0x40, 0x00, 0x00, 0x00, 0x00, 0x00,
    0xFF, 0x94, 0x00, 0x00, 0x00, 0x00, 0x00, 0x00, 0x00, 0x00, 0xFF, 0x94, 0x00, 0x00, 0x00, 0x00,
    0x00, 0x00, 0x00, 0x00, 0xFF, 0x94, 0x00, 0x00, 0x00, 0x00, 0x00, 0x00, 0x00, 0x00, 0xFF, 0x94,
    0x00, 0x00, 0x00, 0x00, 0x00, 0x00, 0x00, 0x00, 0xFF, 0x94, 0x00, 0x00, 0x00, 0x00, 0x00, 0x00,
    0x00, 0x00, 0xFF, 0x94, 0x00, 0x00, 0x00, 0x00, 0x00, 0x00, 0x00, 0x00, 0xFF, 0x94, 0x00, 0x00,
    0x00, 0x00, 0x00, 0x00, 0x00, 0x00, 0xFF, 0x94, 0x00, 0x00, 0x00, 0x00, 0x00, 0x00, 0x00, 0x00,
    0xFF, 0x94, 0x00, 0x00, 0x00, 0x00, 0x00, 0x00, 0x00, 0x00, 0xFF, 0x94, 0x00, 0x00, 0x00, 0x00,
    0x00, 0xA8, 0xFF, 0xFF, 0xFF, 0xFF, 0xFF, 0xFF, 0x40, 0x00, 0x00, 0x00, 0x00, 0xD8, 0xFF, 0xFF,
    0xFF, 0x78, 0x00, 0x00, 0x00, 0x00, 0x00, 0x00, 0x00, 0x1C, 0xFF, 0x78, 0x00, 0x00, 0x00, 0x00,
    0x00, 0x00, 0x00, 0x1C, 0xFF, 0x78, 0x00, 0x00, 0x00, 0x00, 0x00, 0x00, 0x00, 0x1C, 0xFF, 0x78,
    0x00, 0x00, 0x00, 0x00, 0x00, 0x00, 0x00, 0x1C, 0xFF, 0x78, 0x00, 0x00, 0x00, 0x00, 0x00, 0x00,
    0x00, 0x1C, 0xFF, 0x78, 0x00, 0x00, 0x00, 0x00, 0x00, 0x00, 0x00, 0x1C, 0xFF, 0x78, 0x00, 0x00,
    0x00, 0x00, 0x00, 0x00, 0x00, 0x1C, 0xFF, 0x77, 0x00, 0x00, 0x00, 0x00, 0x00, 0x00, 0x00, 0x23,
    0xFF, 0x6D, 0x00, 0x00, 0x00, 0x00, 0x00, 0x00, 0x00, 0x44, 0xFF, 0x48, 0x00, 0x00, 0x1E, 0x9D,
    0x3B, 0x0D, 0x2E, 0xCA, 0xD6, 0x06, 0x00, 0x00, 0x12, 0xA7, 0xE0, 0xF8, 0xEC, 0xA7, 0x1A, 0x00,
    0x00, 0x00, 0x00, 0xC4, 0xCC, 0x00, 0x00, 0x00, 0x22, 0xEF, 0x99, 0x00, 0x00, 0xC4, 0xCC, 0x00,
    0x00, 0x08, 0xCE, 0xCD, 0x07, 0x00, 0x00, 0xC4, 0xCC, 0x00, 0x00, 0x9B, 0xEF, 0x21, 0x00, 0x00,
    0x00, 0xC4, 0xCC, 0x00, 0x5E, 0xFE, 0x4E, 0x00, 0x00, 0x00, 0x00, 0xC4, 0xCC, 0x2D, 0xF5, 0x88,
    0x00, 0x00, 0x00, 0x00, 0x00, 0xC4, 0xD7, 0xD9, 0xD4, 0x03, 0x00, 0x00, 0x00, 0x00, 0x00, 0xC4,
    0xCE, 0xB6, 0xFD, 0x46, 0x00, 0x00, 0x00, 0x00, 0x00, 0xC4, 0xCC, 0x11, 0xDD, 0xEC, 0x1F, 0x00,
    0x00, 0x00, 0x00, 0xC4, 0xCC, 0x00, 0x2E, 0xF5, 0xCD, 0x08, 0x00, 0x00, 0x00, 0xC4, 0xCC, 0x00,
    0x00, 0x5A, 0xFF, 0x9F, 0x00, 0x00, 0x00, 0xC4, 0xCC, 0x00, 0x00, 0x00, 0x90, 0xFF, 0x69, 0x00,
    0x00, 0xC4, 0xCC, 0x00, 0x00, 0x00, 0x04, 0xC0, 0xF9, 0x39, 0x00, 0x48, 0xFF, 0x4C, 0x00, 0x00,
    0x00, 0x00, 0x00, 0x00, 0x00, 0x48, 0xFF, 0x4C, 0x00, 0x00, 0x00, 0x00, 0x00, 0x00, 0x00, 0x48,
    0xFF, 0x4C, 0x00, 0x00, 0x00, 0x00, 0x00, 0x00, 0x00, 0x48, 0xFF, 0x4C, 0x00, 0x00, 0x00, 0x00,
    0x00, 0x00, 0x00, 0x48, 0xFF, 0x4C, 0x00, 0x00, 0x00, 0x00, 0x00, 0x00, 0x00, 0x48, 0xFF, 0x4C,
    0x00, 0x00, 0x00, 0x00, 0x00, 0x00, 0x00, 0x48, 0xFF, 0x4C, 0x00, 0x00, 0x00, 0x00, 0x00, 0x00,
    0x00, 0x48, 0xFF, 0x4C, 0x00, 0x00, 0x00, 0x00, 0x00, 0x00, 0x00, 0x48, 0xFF, 0x4C, 0x00, 0x00,
    0x00, 0x00, 0x00, 0x00, 0x00, 0x48, 0xFF, 0x4C, 0x00, 0x00, 0x00, 0x00, 0x00, 0x00, 0x00, 0x48,
    0xFF, 0x4C, 0x00, 0x00, 0x00, 0x00, 0x00, 0x00, 0x00, 0x48, 0xFF, 0xFF, 0xFF, 0xFF, 0xFF, 0xFF,
    0x44, 0x00, 0x90, 0xFF, 0x34, 0x00, 0x00, 0x00, 0x00, 0x8E, 0xFF, 0x2C, 0x90, 0xFF, 0x8F, 0x00,
    0x00, 0x00, 0x02, 0xE5, 0xFF, 0x2C, 0x90, 0xFF, 0xE7, 0x02, 0x00, 0x00, 0x43, 0xFF, 0xFF, 0x2C,
    0x90, 0xE8, 0xFF, 0x44, 0x00, 0x00, 0x9D, 0xE8, 0xFF, 0x2C, 0x90, 0xBA, 0xEB, 0x9F, 0x00, 0x07,
    0xF0, 0x9F, 0xFF, 0x2C, 0x90, 0xB8, 0x95, 0xF1, 0x08, 0x52, 0xF1, 0x54, 0xFF, 0x2C, 0x90, 0xB8,
    0x39, 0xFF, 0x54, 0xAD, 0x9F, 0x4C, 0xFF, 0x2C, 0x90, 0xB8, 0x00, 0xDC, 0xBD, 0xF7, 0x44, 0x4C,
    0xFF, 0x2C, 0x90, 0xB8, 0x00, 0x80, 0xFF, 0xE6, 0x03, 0x4C, 0xFF, 0x2C, 0x90, 0xB8, 0x00, 0x22,
    0xAC, 0x6A, 0x00, 0x4C, 0xFF, 0x2C, 0x90, 0xB8, 0x00, 0x00, 0x00, 0x00, 0x00, 0x4C, 0xFF, 0x2C,
    0x90, 0xB8, 0x00, 0x00, 0x00, 0x00, 0x00, 0x4C, 0xFF, 0x2C, 0x04, 0xFF, 0xAC, 0x00, 0x00, 0x00,
    0x00, 0xD8, 0xA0, 0x00, 0x04, 0xFF, 0xFF, 0x36, 0x00, 0x00, 0x00, 0xD8, 0xA0, 0x00, 0x04, 0xFF,
    0xFF, 0xBE, 0x00, 0x00, 0x00, 0xD8, 0xA0, 0x00, 0x04, 0xFF, 0xB8, 0xFF, 0x48, 0x00, 0x00, 0xD8,
    0xA0, 0x00, 0x04, 0xFF, 0x71, 0xCE, 0xCF, 0x01, 0x00, 0xD8, 0xA0, 0x00, 0x04, 0xFF, 0x70, 0x48,
    0xFF, 0x5A, 0x00, 0xD8, 0xA0, 0x00, 0x04, 0xFF, 0x70, 0x00, 0xC0, 0xDD, 0x05, 0xD8, 0xA0, 0x00,
    0x04, 0xFF, 0x70, 0x00, 0x39, 0xFF, 0x6D, 0xD8, 0xA0, 0x00, 0x04, 0xFF, 0x70, 0x00, 0x00, 0xB2,
    0xE1, 0xD5, 0xA0, 0x00, 0x04, 0xFF, 0x70, 0x00, 0x00, 0x2D, 0xFD, 0xFC, 0xA0, 0x00, 0x04, 0xFF,
    0x70, 0x00, 0x00, 0x00, 0xA3, 0xFF, 0xA0, 0x00, 0x04, 0xFF, 0x70, 0x00, 0x00, 0x00, 0x21, 0xFA,
    0xA0, 0x00, 0x00, 0x00, 0x43, 0xC7, 0xF6, 0xEB, 0x9B, 0x12, 0x00, 0x00, 0x00, 0x3F, 0xFB, 0x8E,
    0x0F, 0x2D, 0xD9, 0xCA, 0x04, 0x00, 0x00, 0xCD, 0xC7, 0x01, 0x00, 0x00, 0x34, 0xFF, 0x62, 0x00,
    0x23, 0xFF, 0x69, 0x00, 0x00, 0x00, 0x00, 0xD4, 0xBA, 0x00, 0x54, 0xFF, 0x3B, 0x00, 0x00, 0x00,
    0x00, 0xA5, 0xEB, 0x00, 0x69, 0xFF, 0x29, 0x00, 0x00, 0x00, 0x00, 0x92, 0xFE, 0x02, 0x6A, 0xFF,
    0x28, 0x00, 0x00, 0x00, 0x00, 0x92, 0xFE, 0x02, 0x54, 0xFF, 0x3B, 0x00, 0x00, 0x00, 0x00, 0xA4,
    0xEB, 0x00, 0x24, 0xFF, 0x69, 0x00, 0x00, 0x00, 0x00, 0xD3, 0xBA, 0x00, 0x00, 0xCD, 0xC5, 0x00,
    0x00, 0x00, 0x32, 0xFF, 0x62, 0x00, 0x00, 0x3F, 0xFB, 0x8C, 0x0E, 0x2C, 0xD7, 0xCA, 0x04, 0x00,
    0x00, 0x00, 0x43, 0xC7, 0xF7, 0xEB, 0x9C, 0x12, 0x00, 0x00, 0x00, 0xA0, 0xFF, 0xFF, 0xFE, 0xF3,
    0xCC, 0x5E, 0x00, 0x00, 0x00, 0xA0, 0xF4, 0x00, 0x07, 0x26, 0x95, 0xFF, 0x5C, 0x00, 0x00, 0xA0,
    0xF4, 0x00, 0x00, 0x00, 0x01, 0xDB, 0xC3, 0x00, 0x00, 0xA0, 0xF4, 0x00, 0x00, 0x00, 0x00, 0xC4,
    0xCC, 0x00, 0x00, 0xA0, 0xF4, 0x00, 0x00, 0x00, 0x1D, 0xF9, 0x89, 0x00, 0x00, 0xA0, 0xF4, 0x01,
    0x0F, 0x46, 0xD5, 0xD3, 0x10, 0x00, 0x00, 0xA0, 0xFF, 0xFE, 0xEF, 0xCE, 0x7E, 0x0B, 0x00, 0x00,
    0x00, 0xA0, 0xF4, 0x00, 0x00, 0x00, 0x00, 0x00, 0x00, 0x00, 0x00, 0xA0, 0xF4, 0x00, 0x00, 0x00,
    0x00, 0x00, 0x00, 0x00, 0x00, 0xA0, 0xF4, 0x00, 0x00, 0x00, 0x00, 0x00, 0x00, 0x00, 0x00, 0xA0,
    0xF4, 0x00, 0x00, 0x00, 0x00, 0x00, 0x00, 0x00, 0x00, 0xA0, 0xF4, 0x00, 0x00, 0x00, 0x00, 0x00,
    0x00, 0x00, 0x00, 0x00, 0x42, 0xC6, 0xF6, 0xEA, 0x99, 0x10, 0x00, 0x00, 0x00, 0x3B, 0xFB, 0x93,
    0x0F, 0x2F, 0xDC, 0xC6, 0x03, 0x00, 0x00, 0xC9, 0xCD, 0x01, 0x00, 0x00, 0x3B, 0xFF, 0x5C, 0x00,
    0x22, 0xFF, 0x70, 0x00, 0x00, 0x00, 0x00, 0xDA, 0xB5, 0x00, 0x55, 0xFF, 0x40, 0x00, 0x00, 0x00,
    0x00, 0xA9, 0xE8, 0x00, 0x6A, 0xFF, 0x2A, 0x00, 0x00, 0x00, 0x00, 0x94, 0xFD, 0x01, 0x65, 0xFF,
    0x26, 0x00, 0x00, 0x00, 0x00, 0x8F, 0xFF, 0x03, 0x4D, 0xFF, 0x33, 0x00, 0x00, 0x00, 0x00, 0x9D,
    0xF0, 0x00, 0x17, 0xFF, 0x57, 0x00, 0x00, 0x00, 0x00, 0xC0, 0xC7, 0x00, 0x00, 0xC4, 0x9E, 0x00,
    0x00, 0x00, 0x11, 0xF8, 0x7B, 0x00, 0x00, 0x43, 0xF6, 0x32, 0x00, 0x00, 0x96, 0xEA, 0x11, 0x00,
    0x00, 0x00, 0x54, 0xCF, 0xA2, 0xC1, 0xD6, 0x2F, 0x00, 0x00, 0x00, 0x00, 0x00, 0x00, 0x35, 0xF6,
    0x23, 0x00, 0x00, 0x00, 0x00, 0x00, 0x00, 0x00, 0x00, 0x7F, 0xDD, 0x57, 0x18, 0x02, 0x00, 0x00,
    0x00, 0x00, 0x00, 0x00, 0x64, 0xD2, 0xF6, 0x93, 0x00, 0xD4, 0xFF, 0xFF, 0xFD, 0xED, 0xB8, 0x30,
    0x00, 0x00, 0x00, 0xD4, 0xC0, 0x00, 0x08, 0x39, 0xD8, 0xEA, 0x0D, 0x00, 0x00, 0xD4, 0xC0, 0x00,
    0x00, 0x00, 0x51, 0xFF, 0x45, 0x00, 0x00, 0xD4, 0xC0, 0x00, 0x00, 0x00, 0x49, 0xFF, 0x31, 0x00,
    0x00, 0xD4, 0xC0, 0x00, 0x00, 0x00, 0x9C, 0xC7, 0x01, 0x00, 0x00, 0xD4, 0xC0, 0x00, 0x00, 0x67,
    0xE6, 0x2B, 0x00, 0x00, 0x00, 0xD4, 0xFF, 0xFF, 0xFF, 0xFD, 0x26, 0x00, 0x00, 0x00, 0x00, 0xD4,
    0xC0, 0x00, 0x5B, 0xFF, 0x99, 0x00, 0x00, 0x00, 0x00, 0xD4, 0xC0, 0x00, 0x00, 0xB6, 0xFE, 0x3A,
    0x00, 0x00, 0x00, 0xD4, 0xC0, 0x00, 0x00, 0x1E, 0xF3, 0xD3, 0x05, 0x00, 0x00, 0xD4, 0xC0, 0x00,
    0x00, 0x00, 0x6F, 0xFF, 0x78, 0x00, 0x00, 0xD4, 0xC0, 0x00, 0x00, 0x00, 0x02, 0xC7, 0xF6, 0x21,
    0x00, 0x00, 0x40, 0xBE, 0xF1, 0xFA, 0xE8, 0x94, 0x00, 0x00, 0x00, 0x2C, 0xF7, 0x9D, 0x1B, 0x09,
    0x29, 0x4F, 0x00, 0x00, 0x00, 0x8B, 0xF8, 0x04, 0x00, 0x00, 0x00, 0x00, 0x00, 0x00, 0x00, 0x95,
    0xFF, 0x2A, 0x00, 0x00, 0x00, 0x00, 0x00, 0x00, 0x00, 0x37, 0xFB, 0xE9, 0x57, 0x00, 0x00, 0x00,
    0x00, 0x00, 0x00, 0x00, 0x52, 0xEE, 0xFF, 0xC3, 0x32, 0x00, 0x00, 0x00, 0x00, 0x00, 0x00, 0x15,
    0x93, 0xFB, 0xFC, 0x75, 0x00, 0x00, 0x00, 0x00, 0x00, 0x00, 0x00, 0x2D, 0xD8, 0xFF, 0x47, 0x00,
    0x00, 0x00, 0x00, 0x00, 0x00, 0x00, 0x24, 0xFF, 0x93, 0x00, 0x00, 0x00, 0x00, 0x00, 0x00, 0x00,
    0x0A, 0xFC, 0x82, 0x00, 0x00, 0x92, 0x6A, 0x27, 0x0A, 0x2B, 0xAA, 0xED, 0x1C, 0x00, 0x00, 0x73,
    0xCF, 0xF2, 0xFC, 0xE7, 0xA8, 0x27, 0x00, 0x00, 0xA0, 0xFF, 0xFF, 0xFF, 0xFF, 0xFF, 0xFF, 0xFF,
    0xFF, 0x3C, 0x00, 0x00, 0x00, 0x00, 0xFF, 0x94, 0x00, 0x00, 0x00, 0x00, 0x00, 0x00, 0x00, 0x00,
    0xFF, 0x94, 0x00, 0x00, 0x00, 0x00, 0x00, 0x00, 0x00, 0x00, 0xFF, 0x94, 0x00, 0x00, 0x00, 0x00,
    0x00, 0x00, 0x00, 0x00, 0xFF, 0x94, 0x00, 0x00, 0x00, 0x00, 0x00, 0x00, 0x00, 0x00, 0xFF, 0x94,
    0x00, 0x00, 0x00, 0x00, 0x00, 0x00, 0x00, 0x00, 0xFF, 0x94, 0x00, 0x00, 0x00, 0x00, 0x00, 0x00,
    0x00, 0x00, 0xFF, 0x94, 0x00, 0x00, 0x00, 0x00, 0x00, 0x00, 0x00, 0x00, 0xFF, 0x94, 0x00, 0x00,
    0x00, 0x00, 0x00, 0x00, 0x00, 0x00, 0xFF, 0x94, 0x00, 0x00, 0x00, 0x00, 0x00, 0x00, 0x00, 0x00,
    0xFF, 0x94, 0x00, 0x00, 0x00, 0x00, 0x00, 0x00, 0x00, 0x00, 0xFF, 0x94, 0x00, 0x00, 0x00, 0x00,
    0x04, 0xFF, 0x90, 0x00, 0x00, 0x00, 0x00, 0xD8, 0xA0, 0x00, 0x04, 0xFF, 0x90, 0x00, 0x00, 0x00,
    0x00, 0xD8, 0xA0, 0x00, 0x04, 0xFF, 0x90, 0x00, 0x00, 0x00, 0x00, 0xD8, 0xA0, 0x00, 0x04, 0xFF,
    0x90, 0x00, 0x00, 0x00, 0x00, 0xD8, 0xA0, 0x00, 0x04, 0xFF, 0x90, 0x00, 0x00, 0x00, 0x00, 0xD8,
    0xA0, 0x00, 0x04, 0xFF, 0x90, 0x00, 0x00, 0x00, 0x00, 0xD8, 0xA0, 0x00, 0x04, 0xFF, 0x90, 0x00,
    0x00, 0x00, 0x00, 0xD8, 0xA0, 0x00, 0x03, 0xFF, 0x90, 0x00, 0x00, 0x00, 0x00, 0xDA, 0x9E, 0x00,
    0x00, 0xF9, 0x99, 0x00, 0x00, 0x00, 0x00, 0xE6, 0x8C, 0x00, 0x00, 0xD8, 0xBE, 0x00, 0x00, 0x00,
    0x14, 0xFE, 0x58, 0x00, 0x00, 0x74, 0xFE, 0x6D, 0x0C, 0x1C, 0xAF, 0xD5, 0x08, 0x00, 0x00, 0x01,
    0x6D, 0xD4, 0xF8, 0xEB, 0xA3, 0x17, 0x00, 0x00, 0x95, 0xFD, 0x16, 0x00, 0x00, 0x00, 0x00, 0x55,
    0xFF, 0x2F, 0x45, 0xFF, 0x64, 0x00, 0x00, 0x00, 0x00, 0xA5, 0xDF, 0x00, 0x05, 0xEF, 0xB5, 0x00,
    0x00, 0x00, 0x05, 0xEF, 0x90, 0x00, 0x00, 0xA5, 0xF8, 0x0D, 0x00, 0x00, 0x45, 0xFF, 0x40, 0x00,
    0x00, 0x55, 0xFF, 0x56, 0x00, 0x00, 0x95, 0xED, 0x04, 0x00, 0x00, 0x0C, 0xF8, 0xA7, 0x00, 0x01,
    0xE4, 0xA1, 0x00, 0x00, 0x00, 0x00, 0xB5, 0xF1, 0x06, 0x36, 0xFF, 0x51, 0x00, 0x00, 0x00, 0x00,
    0x65, 0xFF, 0x49, 0x86, 0xF7, 0x0B, 0x00, 0x00, 0x00, 0x00, 0x16, 0xFD, 0x98, 0xD2, 0xB2, 0x00,
    0x00, 0x00, 0x00, 0x00, 0x00, 0xC5, 0xE9, 0xFE, 0x62, 0x00, 0x00, 0x00, 0x00, 0x00, 0x00, 0x75,
    0xFF, 0xFD, 0x16, 0x00, 0x00, 0x00, 0x00, 0x00, 0x00, 0x24, 0xFF, 0xC3, 0x00, 0x00, 0x00, 0x00,
    0xBA, 0xB6, 0x00, 0x09, 0xFD, 0x97, 0x00, 0x00, 0xEC, 0x4F, 0x9C, 0xD3, 0x00, 0x33, 0xFF, 0xC8,
    0x00, 0x0A, 0xFF, 0x30, 0x7E, 0xF0, 0x00, 0x60, 0xF8, 0xF6, 0x03, 0x29, 0xFF, 0x11, 0x60, 0xFF,
    0x0D, 0x8D, 0xBF, 0xFF, 0x2A, 0x47, 0xF2, 0x00, 0x42, 0xFF, 0x2A, 0xBA, 0x6F, 0xFB, 0x5B, 0x66,
    0xD3, 0x00, 0x24, 0xFF, 0x47, 0xE7, 0x3A, 0xD3, 0x8C, 0x84, 0xB4, 0x00, 0x07, 0xFE, 0x78, 0xFF,
    0x0E, 0xA2, 0xBD, 0xA3, 0x95, 0x00, 0x00, 0xE8, 0xBD, 0xE0, 0x00, 0x71, 0xED, 0xC0, 0x76, 0x00,
    0x00, 0xCA, 0xF2, 0xB4, 0x00, 0x40, 0xFF, 0xE8, 0x57, 0x00, 0x00, 0xAC, 0xFF, 0x87, 0x00, 0x10,
    0xFF, 0xFF, 0x38, 0x00, 0x00, 0x8E, 0xFF, 0x5A, 0x00, 0x00, 0xDE, 0xFF, 0x19, 0x00, 0x00, 0x6F,
    0xFF, 0x2E, 0x00, 0x00, 0xAD, 0xF9, 0x01, 0x00, 0x12, 0xEE, 0xC6, 0x00, 0x00, 0x00, 0x1E, 0xF6,
    0x92, 0x00, 0x00, 0x71, 0xFF, 0x57, 0x00, 0x00, 0xA8, 0xED, 0x12, 0x00, 0x00, 0x06, 0xDB, 0xDF,
    0x07, 0x3C, 0xFF, 0x6C, 0x00, 0x00, 0x00, 0x00, 0x52, 0xFF, 0x78, 0xCC, 0xD5, 0x04, 0x00, 0x00,
    0x00, 0x00, 0x00, 0xC2, 0xFD, 0xFF, 0x46, 0x00, 0x00, 0x00, 0x00, 0x00, 0x00, 0x3F, 0xFF, 0xCA,
    0x00, 0x00, 0x00, 0x00, 0x00, 0x00, 0x00, 0x85, 0xFF, 0xFB, 0x28, 0x00, 0x00, 0x00, 0x00, 0x00,
    0x1E, 0xF7, 0xAB, 0xF8, 0xB4, 0x00, 0x00, 0x00, 0x00, 0x00, 0xA6, 0xED, 0x12, 0x8B, 0xFF, 0x44,
    0x00, 0x00, 0x00, 0x37, 0xFE, 0x6E, 0x00, 0x10, 0xEC, 0xD1, 0x02, 0x00, 0x00, 0xC6, 0xD8, 0x05,
    0x00, 0x00, 0x6E, 0xFF, 0x64, 0x00, 0x58, 0xFF, 0x4C, 0x00, 0x00, 0x00, 0x05, 0xDA, 0xE7, 0x0C,
    0x51, 0xFF, 0x78, 0x00, 0x00, 0x00, 0x00, 0xB5, 0xE2, 0x09, 0x00, 0xC1, 0xF2, 0x17, 0x00, 0x00,
    0x44, 0xFF, 0x5C, 0x00, 0x00, 0x33, 0xFE, 0x9A, 0x00, 0x02, 0xD1, 0xCC, 0x01, 0x00, 0x00, 0x00,
    0xA3, 0xFD, 0x2E, 0x66, 0xFF, 0x3F, 0x00, 0x00, 0x00, 0x00, 0x1D, 0xF6, 0xC2, 0xE8, 0xAF, 0x00,
    0x00, 0x00, 0x00, 0x00, 0x00, 0x85, 0xFF, 0xFA, 0x25, 0x00, 0x00, 0x00, 0x00, 0x00, 0x00, 0x0C,
    0xFD, 0xA6, 0x00, 0x00, 0x00, 0x00, 0x00, 0x00, 0x00, 0x00, 0xFC, 0x98, 0x00, 0x00, 0x00, 0x00,
    0x00, 0x00, 0x00, 0x00, 0xFC, 0x98, 0x00, 0x00, 0x00, 0x00, 0x00, 0x00, 0x00, 0x00, 0xFC, 0x98,
    0x00, 0x00, 0x00, 0x00, 0x00, 0x00, 0x00, 0x00, 0xFC, 0x98, 0x00, 0x00, 0x00, 0x00, 0x00, 0x00,
    0x00, 0x00, 0xFC, 0x98, 0x00, 0x00, 0x00, 0x00, 0x00, 0xDC, 0xFF, 0xFF, 0xFF, 0xFF, 0xFF, 0xFF,
    0x88, 0x00, 0x00, 0x00, 0x00, 0x00, 0x00, 0x00, 0x92, 0xFF, 0x3E, 0x00, 0x00, 0x00, 0x00, 0x00,
    0x00, 0x2A, 0xFB, 0xAA, 0x00, 0x00, 0x00, 0x00, 0x00, 0x00, 0x00, 0xB9, 0xF7, 0x20, 0x00, 0x00,
    0x00, 0x00, 0x00, 0x00, 0x4D, 0xFF, 0x84, 0x00, 0x00, 0x00, 0x00, 0x00, 0x00, 0x06, 0xDA, 0xE5,
    0x0B, 0x00, 0x00, 0x00, 0x00, 0x00, 0x00, 0x74, 0xFF, 0x5D, 0x00, 0x00, 0x00, 0x00, 0x00, 0x00,
    0x16, 0xF1, 0xC9, 0x01, 0x00, 0x00, 0x00, 0x00, 0x00, 0x00, 0x9B, 0xFE, 0x38, 0x00, 0x00, 0x00,
    0x00, 0x00, 0x00, 0x31, 0xFD, 0xA4, 0x00, 0x00, 0x00, 0x00, 0x00, 0x00, 0x00, 0xC1, 0xF5, 0x1C,
    0x00, 0x00, 0x00, 0x00, 0x00, 0x00, 0x0C, 0xFF, 0xFF, 0xFF, 0xFF, 0xFF, 0xFF, 0xFF, 0xA4, 0x00,
    0x00, 0x00, 0x3C, 0xFF, 0xFF, 0xFF, 0xFF, 0xFF, 0xFF, 0x14, 0x00, 0x00, 0x3C, 0xFF, 0x3C, 0x00,
    0x00, 0x00, 0x00, 0x00, 0x00, 0x00, 0x3C, 0xFF, 0x3C, 0x00, 0x00, 0x00, 0x00, 0x00, 0x00, 0x00,
    0x3C, 0xFF, 0x3C, 0x00, 0x00, 0x00, 0x00, 0x00, 0x00, 0x00, 0x3C, 0xFF, 0x3C, 0x00, 0x00, 0x00,
    0x00, 0x00, 0x00, 0x00, 0x3C, 0xFF, 0x3C, 0x00, 0x00, 0x00, 0x00, 0x00, 0x00, 0x00, 0x3C, 0xFF,
    0x3C, 0x00, 0x00, 0x00, 0x00, 0x00, 0x00, 0x00, 0x3C, 0xFF, 0x3C, 0x00, 0x00, 0x00, 0x00, 0x00,
    0x00, 0x00, 0x3C, 0xFF, 0x3C, 0x00, 0x00, 0x00, 0x00, 0x00, 0x00, 0x00, 0x3C, 0xFF, 0x3C, 0x00,
    0x00, 0x00, 0x00, 0x00, 0x00, 0x00, 0x3C, 0xFF, 0x3C, 0x00, 0x00, 0x00, 0x00, 0x00, 0x00, 0x00,
    0x3C, 0xFF, 0x3C, 0x00, 0x00, 0x00, 0x00, 0x00, 0x00, 0x00, 0x3C, 0xFF, 0x3C, 0x00, 0x00, 0x00,
    0x00, 0x00, 0x00, 0x00, 0x3C, 0xFF, 0x3C, 0x00, 0x00, 0x00, 0x00, 0x00, 0x00, 0x00, 0x3C, 0xFF,
    0x3C, 0x00, 0x00, 0x00, 0x00, 0x00, 0x00, 0x00, 0x3C, 0xFF, 0xFF, 0xFF, 0xFF, 0xFF, 0xFF, 0x14,
    0x6B, 0xE5, 0x0F, 0x00, 0x00, 0x00, 0x00, 0x00, 0x00, 0x00, 0x01, 0xC5, 0x9A, 0x00, 0x00, 0x00,
    0x00, 0x00, 0x00, 0x00, 0x00, 0x2A, 0xF8, 0x3F, 0x00, 0x00, 0x00, 0x00, 0x00, 0x00, 0x00, 0x00,
    0x81, 0xDA, 0x08, 0x00, 0x00, 0x00, 0x00, 0x00, 0x00, 0x00, 0x06, 0xD6, 0x87, 0x00, 0x00, 0x00,
    0x00, 0x00, 0x00, 0x00, 0x00, 0x3B, 0xF9, 0x2F, 0x00, 0x00, 0x00, 0x00, 0x00, 0x00, 0x00, 0x00,
    0x97, 0xCC, 0x03, 0x00, 0x00, 0x00, 0x00, 0x00, 0x00, 0x00, 0x0E, 0xE4, 0x74, 0x00, 0x00, 0x00,
    0x00, 0x00, 0x00, 0x00, 0x00, 0x50, 0xF5, 0x22, 0x00, 0x00, 0x00, 0x00, 0x00, 0x00, 0x00, 0x00,
    0xAD, 0xBB, 0x00, 0x00, 0x00, 0x00, 0x00, 0x00, 0x00, 0x00, 0x19, 0xF0, 0x61, 0x00, 0x00, 0x00,
    0x00, 0x00, 0x00, 0x00, 0x00, 0x66, 0xEE, 0x17, 0x78, 0xFF, 0xFF, 0xFF, 0xFF, 0xFF, 0xD4, 0x00,
    0x00, 0x00, 0x00, 0x00, 0x00, 0x00, 0x00, 0xA0, 0xD4, 0x00, 0x00, 0x00, 0x00, 0x00, 0x00, 0x00,
    0x00, 0xA0, 0xD4, 0x00, 0x00, 0x00, 0x00, 0x00, 0x00, 0x00, 0x00, 0xA0, 0xD4, 0x00, 0x00, 0x00,
    0x00, 0x00, 0x00, 0x00, 0x00, 0xA0, 0xD4, 0x00, 0x00, 0x00, 0x00, 0x00, 0x00, 0x00, 0x00, 0xA0,
    0xD4, 0x00, 0x00, 0x00, 0x00, 0x00, 0x00, 0x00, 0x00, 0xA0, 0xD4, 0x00, 0x00, 0x00, 0x00, 0x00,
    0x00, 0x00, 0x00, 0xA0, 0xD4, 0x00, 0x00, 0x00, 0x00, 0x00, 0x00, 0x00, 0x00, 0xA0, 0xD4, 0x00,
    0x00, 0x00, 0x00, 0x00, 0x00, 0x00, 0x00, 0xA0, 0xD4, 0x00, 0x00, 0x00, 0x00, 0x00, 0x00, 0x00,
    0x00, 0xA0, 0xD4, 0x00, 0x00, 0x00, 0x00, 0x00, 0x00, 0x00, 0x00, 0xA0, 0xD4, 0x00, 0x00, 0x00,
    0x00, 0x00, 0x00, 0x00, 0x00, 0xA0, 0xD4, 0x00, 0x00, 0x00, 0x00, 0x00, 0x00, 0x00, 0x00, 0xA0,
    0xD4, 0x00, 0x00, 0x00, 0x00, 0x00, 0x00, 0x00, 0x00, 0xA0, 0xD4, 0x00, 0x00, 0x00, 0x78, 0xFF,
    0xFF, 0xFF, 0xFF, 0xFF, 0xD4, 0x00, 0x00, 0x00, 0x00, 0x00, 0x00, 0x00, 0x6E, 0x19, 0x00, 0x00,
    0x00, 0x00, 0x00, 0x00, 0x00, 0x10, 0xEE, 0x96, 0x00, 0x00, 0x00, 0x00, 0x00, 0x00, 0x00, 0x87,
    0xDF, 0xF9, 0x23, 0x00, 0x00, 0x00, 0x00, 0x00, 0x18, 0xF5, 0x44, 0xAD, 0xA5, 0x00, 0x00, 0x00,
    0x00, 0x00, 0x96, 0xBD, 0x00, 0x29, 0xFA, 0x2F, 0x00, 0x00, 0x00, 0x23, 0xF9, 0x36, 0x00, 0x00,
    0x9E, 0xB4, 0x00, 0x00, 0x00, 0xA5, 0xAE, 0x00, 0x00, 0x00, 0x1E, 0xF8, 0x3C, 0x00, 0x2E, 0xFB,
    0x2A, 0x00, 0x00, 0x00, 0x00, 0x90, 0xC3, 0x00, 0x00, 0x00, 0x00, 0x00, 0x00, 0x00, 0x00, 0x00,
    0x00, 0x00, 0x00, 0x00, 0x00, 0x00, 0x00, 0x00, 0x00, 0x00, 0x00, 0x00, 0x00, 0x00, 0x00, 0x00,
    0x00, 0x00, 0x00, 0x00, 0x00, 0x00, 0x00, 0x00, 0x00, 0x00, 0x00, 0x00, 0x00, 0x00, 0x00, 0x00,
    0x70, 0xFF, 0xFF, 0xFF, 0xFF, 0xFF, 0xFF, 0xFF, 0xFF, 0x08, 0x00, 0x00, 0x24, 0xEA, 0x92, 0x00,
    0x00, 0x00, 0x00, 0x00, 0x00, 0x00, 0x00, 0x35, 0xF4, 0x57, 0x00, 0x00, 0x00, 0x00, 0x00, 0x00,
    0x00, 0x00, 0x4A, 0xEF, 0x29, 0x00, 0x00, 0x00, 0x00, 0x00, 0x00, 0x00, 0x00, 0x00, 0x00, 0x00,
    0x00, 0x00, 0x00, 0x00, 0x00, 0x00, 0x00, 0x00, 0x00, 0x00, 0x00, 0x00, 0x00, 0x00, 0x00, 0x00,
    0x00, 0x00, 0x00, 0x00, 0x00, 0x00, 0x00, 0x00, 0x00, 0x00, 0x00, 0x00, 0x00, 0x00, 0x00, 0x00,
    0x00, 0x00, 0x00, 0x00, 0x00, 0x00, 0x00, 0x00, 0x00, 0x00, 0x00, 0x00, 0x00, 0x00, 0x00, 0x00,
    0x00, 0x00, 0x00, 0x00, 0x00, 0x00, 0x00, 0x00, 0x00, 0x00, 0x00, 0x00, 0x00, 0x00, 0x00, 0x00,
    0x00, 0x00, 0x00, 0x00, 0x00, 0x00, 0x00, 0x00, 0x00, 0x00, 0x00, 0x00, 0x00, 0x00, 0x00, 0x00,
    0x00, 0x00, 0x00, 0x00, 0x00, 0x00, 0x00, 0x00, 0x00, 0x00, 0x00, 0x00, 0x00, 0x00, 0x14, 0x96,
    0xE4, 0xFE, 0xFE, 0xF8, 0x64, 0x00, 0x00, 0x0E, 0xD7, 0xD1, 0x37, 0x08, 0x2F, 0xFF, 0x68, 0x00,
    0x00, 0x90, 0xF8, 0x1C, 0x00, 0x00, 0x0C, 0xFF, 0x68, 0x00, 0x04, 0xEE, 0xA0, 0x00, 0x00, 0x00,
    0x0C, 0xFF, 0x68, 0x00, 0x22, 0xFF, 0x75, 0x00, 0x00, 0x00, 0x0C, 0xFF, 0x68, 0x00, 0x29, 0xFF,
    0x68, 0x00, 0x00, 0x00, 0x36, 0xFF, 0x68, 0x00, 0x0A, 0xFE, 0x8E, 0x00, 0x00, 0x0C, 0xCF, 0xFF,
    0x6B, 0x00, 0x00, 0xA7, 0xEE, 0x32, 0x27, 0xC3, 0x75, 0xFA, 0x7B, 0x00, 0x00, 0x11, 0xA7, 0xF1,
    0xD2, 0x58, 0x00, 0xB5, 0x88, 0x00, 0x00, 0xE4, 0x8C, 0x00, 0x00, 0x00, 0x00, 0x00, 0x00, 0x00,
    0x00, 0xE4, 0x8C, 0x00, 0x00, 0x00, 0x00, 0x00, 0x00, 0x00, 0x00, 0xE4, 0x8C, 0x00, 0x00, 0x00,
    0x00, 0x00, 0x00, 0x00, 0x00, 0xE4, 0x8C, 0x00, 0x00, 0x00, 0x00, 0x00, 0x00, 0x00, 0x00, 0xE4,
    0x8C, 0x11, 0x9A, 0xEF, 0xD9, 0x4F, 0x00, 0x00, 0x00, 0xE4, 0x9A, 0xD1, 0x69, 0x12, 0x9B, 0xFB,
    0x28, 0x00, 0x00, 0xE4, 0xFC, 0x5D, 0x00, 0x00, 0x13, 0xFD, 0x88, 0x00, 0x00, 0xE4, 0xB8, 0x00,
    0x00, 0x00, 0x00, 0xE9, 0xA9, 0x00, 0x00, 0xE4, 0x8C, 0x00, 0x00, 0x00, 0x00, 0xF5, 0xA0, 0x00,
    0x00, 0xE4, 0x8C, 0x00, 0x00, 0x00, 0x21, 0xFF, 0x72, 0x00, 0x00, 0xE4, 0x8C, 0x00, 0x00, 0x00,
    0x95, 0xF5, 0x1A, 0x00, 0x00, 0xE4, 0xA1, 0x13, 0x11, 0x7C, 0xFD, 0x68, 0x00, 0x00, 0x00, 0xE4,
    0xFF, 0xFF, 0xF5, 0xC9, 0x53, 0x00, 0x00, 0x00, 0x00, 0x00, 0x00, 0x65, 0xD2, 0xF9, 0xF0, 0xCD,
    0x5B, 0x00, 0x00, 0x00, 0x96, 0xF2, 0x5E, 0x0C, 0x17, 0x4F, 0x54, 0x00, 0x00, 0x44, 0xFF, 0x61,
    0x00, 0x00, 0x00, 0x00, 0x00, 0x00, 0x00, 0x9A, 0xF8, 0x08, 0x00, 0x00, 0x00, 0x00, 0x00, 0x00,
    0x00, 0xB2, 0xE3, 0x00, 0x00, 0x00, 0x00, 0x00, 0x00, 0x00, 0x00, 0x98, 0xFC, 0x09, 0x00, 0x00,
    0x00, 0x00, 0x00, 0x00, 0x00, 0x45, 0xFF, 0x6A, 0x00, 0x00, 0x00, 0x00, 0x00, 0x00, 0x00, 0x00,
    0x9B, 0xF2, 0x57, 0x0A, 0x0A, 0x3A, 0x42, 0x00, 0x00, 0x00, 0x00, 0x66, 0xCE, 0xF6, 0xF4, 0xD5,
    0x62, 0x00, 0x00, 0x00, 0x00, 0x00, 0x00, 0x00, 0x00, 0xF4, 0x80, 0x00, 0x00, 0x00, 0x00, 0x00,
    0x00, 0x00, 0x00, 0xF4, 0x80, 0x00, 0x00, 0x00, 0x00, 0x00, 0x00, 0x00, 0x00, 0xF4, 0x80, 0x00,
    0x00, 0x00, 0x00, 0x00, 0x00, 0x00, 0x00, 0xF4, 0x80, 0x00, 0x00, 0x00, 0x0C, 0x8A, 0xE0, 0xFC,
    0xFE, 0xFF, 0x80, 0x00, 0x00, 0x06, 0xC7, 0xDD, 0x42, 0x08, 0x23, 0xF6, 0x80, 0x00, 0x00, 0x78,
    0xFE, 0x2E, 0x00, 0x00, 0x00, 0xF4, 0x80, 0x00, 0x00, 0xDB, 0xB8, 0x00, 0x00, 0x00, 0x00, 0xF4,
    0x80, 0x00, 0x09, 0xFF, 0x8D, 0x00, 0x00, 0x00, 0x00, 0xF4, 0x80, 0x00, 0x11, 0xFF, 0x80, 0x00,
    0x00, 0x00, 0x22, 0xFC, 0x80, 0x00, 0x00, 0xF0, 0xA6, 0x00, 0x00, 0x05, 0xBC, 0xFD, 0x80, 0x00,
    0x00, 0x8C, 0xF7, 0x40, 0x1E, 0xB4, 0x7B, 0xF4, 0x80, 0x00, 0x00, 0x09, 0x98, 0xEF, 0xD7, 0x5D,
    0x00, 0xB7, 0x60, 0x00, 0x00, 0x00, 0x14, 0x9A, 0xE8, 0xF6, 0xB4, 0x1F, 0x00, 0x00, 0x00, 0x0D,
    0xDA, 0xCD, 0x29, 0x1A, 0xC1, 0xD8, 0x06, 0x00, 0x00, 0x85, 0xFE, 0x28, 0x00, 0x00, 0x32, 0xFF,
    0x4F, 0x00, 0x00, 0xD9, 0xCE, 0x00, 0x00, 0x00, 0x05, 0xFE, 0x82, 0x00, 0x00, 0xF4, 0xFF, 0xFF,
    0xFF, 0xFF, 0xFF, 0xFF, 0x94, 0x00, 0x00, 0xDB, 0xA3, 0x00, 0x00, 0x00, 0x00, 0x00, 0x00, 0x00,
    0x00, 0x87, 0xE8, 0x0B, 0x00, 0x00, 0x00, 0x00, 0x00, 0x00, 0x00, 0x0E, 0xDC, 0xB9, 0x28, 0x09,
    0x2E, 0x84, 0x64, 0x00, 0x00, 0x00, 0x16, 0x9F, 0xEA, 0xF6, 0xDA, 0x9C, 0x2E, 0x00, 0x00, 0x00,
    0x00, 0x00, 0x33, 0xBB, 0xF1, 0xF5, 0xDF, 0x0D, 0x00, 0x00, 0x00, 0x20, 0xF3, 0x94, 0x14, 0x0B,
    0x3A, 0x05, 0x00, 0x00, 0x00, 0x85, 0xE8, 0x03, 0x00, 0x00, 0x00, 0x00, 0x00, 0x00, 0x00, 0xAF,
    0xBC, 0x00, 0x00, 0x00, 0x00, 0x00, 0x00, 0x00, 0x00, 0xBD, 0xB0, 0x00, 0x00, 0x00, 0x00, 0x00,
    0x00, 0xB4, 0xFF, 0xFF, 0xFF, 0xFF, 0xFF, 0xFF, 0x28, 0x00, 0x00, 0x00, 0x00, 0xC0, 0xB0, 0x00,
    0x00, 0x00, 0x00, 0x00, 0x00, 0x00, 0x00, 0xC0, 0xB0, 0x00, 0x00, 0x00, 0x00, 0x00, 0x00, 0x00,
    0x00, 0xC0, 0xB0, 0x00, 0x00, 0x00, 0x00, 0x00, 0x00, 0x00, 0x00, 0xC0, 0xB0, 0x00, 0x00, 0x00,
    0x00, 0x00, 0x00, 0x00, 0x00, 0xC0, 0xB0, 0x00, 0x00, 0x00, 0x00, 0x00, 0x00, 0x00, 0x00, 0xC0,
    0xB0, 0x00, 0x00, 0x00, 0x00, 0x00, 0x00, 0x00, 0x00, 0xC0, 0xB0, 0x00, 0x00, 0x00, 0x00, 0x00,
    0x00, 0x00, 0x0C, 0x8A, 0xE0, 0xFC, 0xFE, 0xF4, 0x7A, 0x00, 0x00, 0x06, 0xC7, 0xDD, 0x42, 0x08,
    0x23, 0xF6, 0x80, 0x00, 0x00, 0x78, 0xFE, 0x2E, 0x00, 0x00, 0x00, 0xF4, 0x80, 0x00, 0x00, 0xDB,
    0xB8, 0x00, 0x00, 0x00, 0x00, 0xF4, 0x80, 0x00, 0x09, 0xFF, 0x8D, 0x00, 0x00, 0x00, 0x00, 0xF4,
    0x80, 0x00, 0x11, 0xFF, 0x80, 0x00, 0x00, 0x00, 0x22, 0xFC, 0x80, 0x00, 0x00, 0xF0, 0xA6, 0x00,
    0x00, 0x05, 0xBD, 0xFD, 0x7F, 0x00, 0x00, 0x8C, 0xF7, 0x40, 0x1E, 0xB4, 0x7E, 0xF4, 0x7E, 0x00,
    0x00, 0x09, 0x98, 0xEF, 0xD7, 0x5E, 0x02, 0xFC, 0x7A, 0x00, 0x00, 0x00, 0x00, 0x00, 0x00, 0x00,
    0x1C, 0xFF, 0x66, 0x00, 0x01, 0x00, 0x00, 0x00, 0x00, 0x00, 0x74, 0xFF, 0x2C, 0x00, 0x14, 0xBE,
    0x4F, 0x12, 0x0A, 0x58, 0xF3, 0xA0, 0x00, 0x00, 0x06, 0x83, 0xCC, 0xEF, 0xF4, 0xCF, 0x6E, 0x02,
    0x00, 0x00, 0x00, 0xC8, 0xAC, 0x00, 0x00, 0x00, 0x00, 0x00, 0x00, 0x00, 0x00, 0xC8, 0xAC, 0x00,
    0x00, 0x00, 0x00, 0x00, 0x00, 0x00, 0x00, 0xC8, 0xAC, 0x00, 0x00, 0x00, 0x00, 0x00, 0x00, 0x00,
    0x00, 0xC8, 0xAC, 0x00, 0x00, 0x00, 0x00, 0x00, 0x00, 0x00, 0x00, 0xC8, 0xAC, 0x13, 0x9C, 0xEF,
    0xE8, 0x6E, 0x00, 0x00, 0x00, 0xC8, 0xBF, 0xD9, 0x83, 0x13, 0x71, 0xFF, 0x2F, 0x00, 0x00, 0xC8,
    0xFF, 0x76, 0x00, 0x00, 0x07, 0xFF, 0x6E, 0x00, 0x00, 0xC8, 0xCE, 0x01, 0x00, 0x00, 0x00, 0xFA,
    0x79, 0x00, 0x00, 0xC8, 0xAC, 0x00, 0x00, 0x00, 0x00, 0xF8, 0x7B, 0x00, 0x00, 0xC8, 0xAC, 0x00,
    0x00, 0x00, 0x00, 0xF8, 0x7C, 0x00, 0x00, 0xC8, 0xAC, 0x00, 0x00, 0x00, 0x00, 0xF8, 0x7C, 0x00,
    0x00, 0xC8, 0xAC, 0x00, 0x00, 0x00, 0x00, 0xF8, 0x7C, 0x00, 0x00, 0xC8, 0xAC, 0x00, 0x00, 0x00,
    0x00, 0xF8, 0x7C, 0x00, 0x00, 0x00, 0x00, 0x60, 0xE5, 0x2F, 0x00, 0x00, 0x00, 0x00, 0x00, 0x00,
    0x00, 0x5C, 0xDB, 0x2C, 0x00, 0x00, 0x00, 0x00, 0x00, 0x00, 0x00, 0x00, 0x00, 0x00, 0x00, 0x00,
    0x00, 0x00, 0x00, 0x00, 0x00, 0x00, 0x00, 0x00, 0x00, 0x00, 0x00, 0x00, 0x00, 0xC4, 0xFF, 0xFF,
    0xFF, 0x1C, 0x00, 0x00, 0x00, 0x00, 0x00, 0x00, 0x00, 0x58, 0xFF, 0x1C, 0x00, 0x00, 0x00, 0x00,
    0x00, 0x00, 0x00, 0x58, 0xFF, 0x1C, 0x00, 0x00, 0x00, 0x00, 0x00, 0x00, 0x00, 0x58, 0xFF, 0x1C,
    0x00, 0x00, 0x00, 0x00, 0x00, 0x00, 0x00, 0x58, 0xFF, 0x1C, 0x00, 0x00, 0x00, 0x00, 0x00, 0x00,
    0x00, 0x58, 0xFF, 0x1C, 0x00, 0x00, 0x00, 0x00, 0x00, 0x00, 0x00, 0x58, 0xFF, 0x1C, 0x00, 0x00,
    0x00, 0x00, 0x00, 0x00, 0x00, 0x58, 0xFF, 0x1C, 0x00, 0x00, 0x00, 0x00, 0x00, 0x00, 0x00, 0x58,
    0xFF, 0xFF, 0xFF, 0x8C, 0x00, 0x00, 0x00, 0x00, 0x00, 0x00, 0x00, 0x53, 0xE6, 0x39, 0x00, 0x00,
    0x00, 0x00, 0x00, 0x00, 0x00, 0x4F, 0xDC, 0x36, 0x00, 0x00, 0x00, 0x00, 0x00, 0x00, 0x00, 0x00,
    0x00, 0x00, 0x00, 0x00, 0x00, 0x00, 0x00, 0x00, 0x00, 0x00, 0x00, 0x00, 0x00, 0x00, 0x00, 0x00,
    0xFC, 0xFF, 0xFF, 0xFF, 0xFF, 0x28, 0x00, 0x00, 0x00, 0x00, 0x00, 0x00, 0x00, 0x48, 0xFF, 0x28,
    0x00, 0x00, 0x00, 0x00, 0x00, 0x00, 0x00, 0x48, 0xFF, 0x28, 0x00, 0x00, 0x00, 0x00, 0x00, 0x00,
    0x00, 0x48, 0xFF, 0x28, 0x00, 0x00, 0x00, 0x00, 0x00, 0x00, 0x00, 0x48, 0xFF, 0x28, 0x00, 0x00,
    0x00, 0x00, 0x00, 0x00, 0x00, 0x48, 0xFF, 0x28, 0x00, 0x00, 0x00, 0x00, 0x00, 0x00, 0x00, 0x48,
    0xFF, 0x28, 0x00, 0x00, 0x00, 0x00, 0x00, 0x00, 0x00, 0x48, 0xFF, 0x28, 0x00, 0x00, 0x00, 0x00,
    0x00, 0x00, 0x00, 0x4A, 0xFF, 0x24, 0x00, 0x00, 0x00, 0x00, 0x00, 0x00, 0x00, 0x56, 0xFF, 0x14,
    0x00, 0x00, 0x00, 0x00, 0x00, 0x00, 0x00, 0x84, 0xE9, 0x00, 0x00, 0x00, 0x00, 0x2E, 0x19, 0x06,
    0x43, 0xEE, 0x79, 0x00, 0x00, 0x00, 0x00, 0x8D, 0xEC, 0xFA, 0xDE, 0x7B, 0x02, 0x00, 0x00, 0x00,
    0x00, 0x68, 0xFF, 0x10, 0x00, 0x00, 0x00, 0x00, 0x00, 0x00, 0x00, 0x68, 0xFF, 0x10, 0x00, 0x00,
    0x00, 0x00, 0x00, 0x00, 0x00, 0x68, 0xFF, 0x10, 0x00, 0x00, 0x00, 0x00, 0x00, 0x00, 0x00, 0x68,
    0xFF, 0x10, 0x00, 0x00, 0x00, 0x00, 0x00, 0x00, 0x00, 0x68, 0xFF, 0x10, 0x00, 0x00, 0x48, 0xF8,
    0xAB, 0x04, 0x00, 0x68, 0xFF, 0x10, 0x00, 0x49, 0xF8, 0xAA, 0x04, 0x00, 0x00, 0x68, 0xFF, 0x10,
    0x49, 0xF8, 0xA9, 0x04, 0x00, 0x00, 0x00, 0x68, 0xFF, 0x5A, 0xF8, 0xA8, 0x03, 0x00, 0x00, 0x00,
    0x00, 0x68, 0xFF, 0xAF, 0xFF, 0x51, 0x00, 0x00, 0x00, 0x00, 0x00, 0x68, 0xFF, 0x16, 0xBF, 0xF5,
    0x38, 0x00, 0x00, 0x00, 0x00, 0x68, 0xFF, 0x10, 0x10, 0xD5, 0xEB, 0x26, 0x00, 0x00, 0x00, 0x68,
    0xFF, 0x10, 0x00, 0x1E, 0xE6, 0xDE, 0x17, 0x00, 0x00, 0x68, 0xFF, 0x10, 0x00, 0x00, 0x31, 0xF3,
    0xCD, 0x0C, 0x10, 0xFF, 0xFF, 0xFF, 0xFF, 0x00, 0x00, 0x00, 0x00, 0x00, 0x00, 0x00, 0x00, 0x70,
    0xFF, 0x00, 0x00, 0x00, 0x00, 0x00, 0x00, 0x00, 0x00, 0x70, 0xFF, 0x00, 0x00, 0x00, 0x00, 0x00,
    0x00, 0x00, 0x00, 0x70, 0xFF, 0x00, 0x00, 0x00, 0x00, 0x00, 0x00, 0x00, 0x00, 0x70, 0xFF, 0x00,
    0x00, 0x00, 0x00, 0x00, 0x00, 0x00, 0x00, 0x70, 0xFF, 0x00, 0x00, 0x00, 0x00, 0x00, 0x00, 0x00,
    0x00, 0x70, 0xFF, 0x00, 0x00, 0x00, 0x00, 0x00, 0x00, 0x00, 0x00, 0x70, 0xFF, 0x00, 0x00, 0x00,
    0x00, 0x00, 0x00, 0x00, 0x00, 0x70, 0xFF, 0x00, 0x00, 0x00, 0x00, 0x00, 0x00, 0x00, 0x00, 0x70,
    0xFF, 0x00, 0x00, 0x00, 0x00, 0x00, 0x00, 0x00, 0x00, 0x70, 0xFF, 0x00, 0x00, 0x00, 0x00, 0x00,
    0x00, 0x00, 0x00, 0x70, 0xFF, 0xFF, 0xFF, 0xBC, 0x00, 0x00, 0x54, 0x9F, 0x23, 0xD5, 0xD4, 0x11,
    0x67, 0xF1, 0x87, 0x00, 0x70, 0xD4, 0x9C, 0x22, 0xEF, 0x92, 0x86, 0x60, 0xF2, 0x00, 0x70, 0xFB,
    0x4D, 0x00, 0xD3, 0xDE, 0x06, 0x3D, 0xFF, 0x06, 0x70, 0xE6, 0x02, 0x00, 0xD0, 0x89, 0x00, 0x3C,
    0xFF, 0x08, 0x70, 0xD4, 0x00, 0x00, 0xD0, 0x68, 0x00, 0x3C, 0xFF, 0x08, 0x70, 0xD4, 0x00, 0x00,
    0xD0, 0x68, 0x00, 0x3C, 0xFF, 0x08, 0x70, 0xD4, 0x00, 0x00, 0xD0, 0x68, 0x00, 0x3C, 0xFF, 0x08,
    0x70, 0xD4, 0x00, 0x00, 0xD0, 0x68, 0x00, 0x3C, 0xFF, 0x08, 0x70, 0xD4, 0x00, 0x00, 0xD0, 0x68,
    0x00, 0x3C, 0xFF, 0x08, 0x00, 0x96, 0x81, 0x0B, 0x93, 0xED, 0xE6, 0x69, 0x00, 0x00, 0x00, 0xC8,
    0xB3, 0xC7, 0x83, 0x13, 0x71, 0xFF, 0x2F, 0x00, 0x00, 0xC8, 0xFD, 0x76, 0x00, 0x00, 0x07, 0xFF,
    0x68, 0x00, 0x00, 0xC8, 0xCE, 0x01, 0x00, 0x00, 0x00, 0xFA, 0x78, 0x00, 0x00, 0xC8, 0xAC, 0x00,
    0x00, 0x00, 0x00, 0xF8, 0x7B, 0x00, 0x00, 0xC8, 0xAC, 0x00, 0x00, 0x00, 0x00, 0xF8, 0x7C, 0x00,
    0x00, 0xC8, 0xAC, 0x00, 0x00, 0x00, 0x00, 0xF8, 0x7C, 0x00, 0x00, 0xC8, 0xAC, 0x00, 0x00, 0x00,
    0x00, 0xF8, 0x7C, 0x00, 0x00, 0xC8, 0xAC, 0x00, 0x00, 0x00, 0x00, 0xF8, 0x7C, 0x00, 0x00, 0x00,
    0x4E, 0xCB, 0xF7, 0xEC, 0xA3, 0x1A, 0x00, 0x00, 0x00, 0x5A, 0xFD, 0x78, 0x13, 0x2A, 0xC5, 0xDE,
    0x11, 0x00, 0x06, 0xE9, 0xAC, 0x00, 0x00, 0x00, 0x1B, 0xF9, 0x87, 0x00, 0x39, 0xFF, 0x5E, 0x00,
    0x00, 0x00, 0x00, 0xC6, 0xD1, 0x00, 0x4F, 0xFF, 0x47, 0x00, 0x00, 0x00, 0x00, 0xB0, 0xE7, 0x00,
    0x39, 0xFF, 0x5E, 0x00, 0x00, 0x00, 0x00, 0xC6, 0xD1, 0x00, 0x06, 0xE9, 0xAC, 0x00, 0x00, 0x00,
    0x1B, 0xF9, 0x87, 0x00, 0x00, 0x5A, 0xFD, 0x78, 0x13, 0x29, 0xC5, 0xDF, 0x11, 0x00, 0x00, 0x00,
    0x4F, 0xCB, 0xF8, 0xED, 0xA4, 0x1A, 0x00, 0x00, 0x00, 0xAE, 0x6B, 0x13, 0x9D, 0xEF, 0xD9, 0x4F,
    0x00, 0x00, 0x00, 0xE4, 0x9E, 0xD6, 0x69, 0x12, 0x9B, 0xFB, 0x28, 0x00, 0x00, 0xE4, 0xFE, 0x5D,
    0x00, 0x00, 0x13, 0xFD, 0x88, 0x00, 0x00, 0xE4, 0xB8, 0x00, 0x00, 0x00, 0x00, 0xE9, 0xA9, 0x00,
    0x00, 0xE4, 0x8C, 0x00, 0x00, 0x00, 0x00, 0xF5, 0xA0, 0x00, 0x00, 0xE4, 0x8C, 0x00, 0x00, 0x00,
    0x21, 0xFF, 0x72, 0x00, 0x00, 0xE4, 0x8C, 0x00, 0x00, 0x00, 0x95, 0xF5, 0x1A, 0x00, 0x00, 0xE4,
    0xA1, 0x13, 0x11, 0x7C, 0xFD, 0x68, 0x00, 0x00, 0x00, 0xE4, 0xFE, 0xFF, 0xF5, 0xC9, 0x53, 0x00,
    0x00, 0x00, 0x00, 0xE4, 0x8C, 0x00, 0x00, 0x00, 0x00, 0x00, 0x00, 0x00, 0x00, 0xE4, 0x8C, 0x00,
    0x00, 0x00, 0x00, 0x00, 0x00, 0x00, 0x00, 0xE4, 0x8C, 0x00, 0x00, 0x00, 0x00, 0x00, 0x00, 0x00,
    0x00, 0x00, 0x0C, 0x8A, 0xE0, 0xFC, 0xFE, 0xF8, 0x7C, 0x00, 0x00, 0x06, 0xC7, 0xDD, 0x42, 0x08,
    0x23, 0xF6, 0x80, 0x00, 0x00, 0x78, 0xFE, 0x2E, 0x00, 0x00, 0x00, 0xF4, 0x80, 0x00, 0x00, 0xDB,
    0xB8, 0x00, 0x00, 0x00, 0x00, 0xF4, 0x80, 0x00, 0x09, 0xFF, 0x8D, 0x00, 0x00, 0x00, 0x00, 0xF4,
    0x80, 0x00, 0x11, 0xFF, 0x80, 0x00, 0x00, 0x00, 0x22, 0xFC, 0x80, 0x00, 0x00, 0xF0, 0xA6, 0x00,
    0x00, 0x05, 0xBD, 0xFD, 0x80, 0x00, 0x00, 0x8C, 0xF7, 0x40, 0x1E, 0xB4, 0x7E, 0xF4, 0x80, 0x00,
    0x00, 0x09, 0x98, 0xEF, 0xD7, 0x5E, 0x00, 0xF4, 0x80, 0x00, 0x00, 0x00, 0x00, 0x00, 0x00, 0x00,
    0x00, 0xF4, 0x80, 0x00, 0x00, 0x00, 0x00, 0x00, 0x00, 0x00, 0x00, 0xF4, 0x80, 0x00, 0x00, 0x00,
    0x00, 0x00, 0x00, 0x00, 0x00, 0xF4, 0x80, 0x00, 0x00, 0x09, 0xC0, 0x4E, 0x26, 0xB0, 0xF1, 0xEE,
    0x6B, 0x00, 0x00, 0x0C, 0xFF, 0x8D, 0xDB, 0x52, 0x0A, 0xE9, 0x80, 0x00, 0x00, 0x0C, 0xFF, 0xF8,
    0x37, 0x00, 0x00, 0xE8, 0x80, 0x00, 0x00, 0x0C, 0xFF, 0x8E, 0x00, 0x00, 0x00, 0x0E, 0x08, 0x00,
    0x00, 0x0C, 0xFF, 0x68, 0x00, 0x00, 0x00, 0x00, 0x00, 0x00, 0x00, 0x0C, 0xFF, 0x68, 0x00, 0x00,
    0x00, 0x00, 0x00, 0x00, 0x00, 0x0C, 0xFF, 0x68, 0x00, 0x00, 0x00, 0x00, 0x00, 0x00, 0x00, 0x0C,
    0xFF, 0x68, 0x00, 0x00, 0x00, 0x00, 0x00, 0x00, 0x00, 0x0C, 0xFF, 0x68, 0x00, 0x00, 0x00, 0x00,
    0x00, 0x00, 0x00, 0x00, 0x57, 0xCE, 0xF6, 0xF9, 0xE4, 0x8B, 0x00, 0x00, 0x00, 0x31, 0xFC, 0x7D,
    0x0F, 0x0B, 0x2D, 0x4B, 0x00, 0x00, 0x00, 0x68, 0xFF, 0x43, 0x00, 0x00, 0x00, 0x00, 0x00, 0x00,
    0x00, 0x2B, 0xF9, 0xFB, 0xA8, 0x46, 0x02, 0x00, 0x00, 0x00, 0x00, 0x00, 0x34, 0xB6, 0xFE, 0xFF,
    0xDB, 0x4D, 0x00, 0x00, 0x00, 0x00, 0x00, 0x00, 0x20, 0x85, 0xEF, 0xFD, 0x2C, 0x00, 0x00, 0x00,
    0x00, 0x00, 0x00, 0x00, 0x3C, 0xFF, 0x5A, 0x00, 0x00, 0x94, 0x75, 0x2B, 0x07, 0x11, 0x86, 0xF5,
    0x1F, 0x00, 0x00, 0x59, 0xB8, 0xE4, 0xF9, 0xF4, 0xC5, 0x42, 0x00, 0x00, 0x00, 0x00, 0x10, 0xFF,
    0x60, 0x00, 0x00, 0x00, 0x00, 0x00, 0x00, 0x00, 0x10, 0xFF, 0x60, 0x00, 0x00, 0x00, 0x00, 0x00,
    0x00, 0x00, 0x10, 0xFF, 0x60, 0x00, 0x00, 0x00, 0x00, 0x00, 0x00, 0x00, 0x10, 0xFF, 0x60, 0x00,
    0x00, 0x00, 0x00, 0x00, 0x40, 0xFF, 0xFF, 0xFF, 0xFF, 0xFF, 0xFF, 0xFF, 0x44, 0x00, 0x00, 0x00,
    0x10, 0xFF, 0x60, 0x00, 0x00, 0x00, 0x00, 0x00, 0x00, 0x00, 0x10, 0xFF, 0x60, 0x00, 0x00, 0x00,
    0x00, 0x00, 0x00, 0x00, 0x10, 0xFF, 0x60, 0x00, 0x00, 0x00, 0x00, 0x00, 0x00, 0x00, 0x0D, 0xFF,
    0x61, 0x00, 0x00, 0x00, 0x00, 0x00, 0x00, 0x00, 0x01, 0xF9, 0x75, 0x00, 0x00, 0x00, 0x00, 0x00,
    0x00, 0x00, 0x00, 0xB0, 0xE0, 0x31, 0x0B, 0x3C, 0x47, 0x00, 0x00, 0x00, 0x00, 0x13, 0xA2, 0xEE,
    0xF9, 0xD1, 0x4E, 0x00, 0x00, 0xE0, 0x90, 0x00, 0x00, 0x00, 0x10, 0xFF, 0x64, 0x00, 0x00, 0xE0,
    0x90, 0x00, 0x00, 0x00, 0x10, 0xFF, 0x64, 0x00, 0x00, 0xE0, 0x90, 0x00, 0x00, 0x00, 0x10, 0xFF,
    0x64, 0x00, 0x00, 0xE0, 0x90, 0x00, 0x00, 0x00, 0x10, 0xFF, 0x64, 0x00, 0x00, 0xE0, 0x90, 0x00,
    0x00, 0x00, 0x10, 0xFF, 0x64, 0x00, 0x00, 0xDD, 0x91, 0x00, 0x00, 0x00, 0x33, 0xFF, 0x64, 0x00,
    0x00, 0xCE, 0x9E, 0x00, 0x00, 0x0B, 0xCB, 0xFF, 0x64, 0x00, 0x00, 0x97, 0xE8, 0x1E, 0x30, 0xC7,
    0x79, 0xFF, 0x64, 0x00, 0x00, 0x12, 0xB1, 0xF6, 0xD5, 0x57, 0x0C, 0xC0, 0x4B, 0x00, 0x87, 0xF8,
    0x14, 0x00, 0x00, 0x00, 0x00, 0x50, 0xFE, 0x23, 0x1E, 0xFC, 0x79, 0x00, 0x00, 0x00, 0x00, 0xBE,
    0xB5, 0x00, 0x00, 0xAF, 0xE1, 0x03, 0x00, 0x00, 0x2C, 0xFF, 0x48, 0x00, 0x00, 0x44, 0xFF, 0x51,
    0x00, 0x00, 0x9A, 0xDA, 0x01, 0x00, 0x00, 0x00, 0xD7, 0xBC, 0x00, 0x11, 0xF5, 0x6F, 0x00, 0x00,
    0x00, 0x00, 0x6D, 0xFF, 0x29, 0x76, 0xF4, 0x0F, 0x00, 0x00, 0x00, 0x00, 0x0E, 0xF3, 0x97, 0xE0,
    0x96, 0x00, 0x00, 0x00, 0x00, 0x00, 0x00, 0x96, 0xFE, 0xFF, 0x2A, 0x00, 0x00, 0x00, 0x00, 0x00,
    0x00, 0x2A, 0xFF, 0xBE, 0x00, 0x00, 0x00, 0x00, 0xC4, 0x96, 0x00, 0x04, 0xF3, 0x9B, 0x00, 0x00,
    0xC4, 0x5B, 0x9C, 0xBD, 0x00, 0x39, 0xFF, 0xE4, 0x00, 0x00, 0xEA, 0x33, 0x73, 0xE4, 0x00, 0x7A,
    0xBD, 0xFF, 0x2D, 0x10, 0xFE, 0x0B, 0x4B, 0xFF, 0x0B, 0xBB, 0x5E, 0xEB, 0x76, 0x37, 0xE2, 0x00,
    0x22, 0xFF, 0x37, 0xF5, 0x1D, 0xA4, 0xBF, 0x5E, 0xB9, 0x00, 0x02, 0xF7, 0x93, 0xDD, 0x00, 0x59,
    0xFA, 0x90, 0x91, 0x00, 0x00, 0xD1, 0xE8, 0x9E, 0x00, 0x12, 0xFC, 0xE6, 0x68, 0x00, 0x00, 0xA9,
    0xFF, 0x5E, 0x00, 0x00, 0xC4, 0xFF, 0x40, 0x00, 0x00, 0x80, 0xFF, 0x1F, 0x00, 0x00, 0x79, 0xFF,
    0x18, 0x00, 0x14, 0xE3, 0xD7, 0x0C, 0x00, 0x00, 0x5A, 0xFE, 0x4B, 0x00, 0x00, 0x3B, 0xFB, 0xA5,
    0x00, 0x24, 0xF2, 0x8E, 0x00, 0x00, 0x00, 0x00, 0x77, 0xFF, 0x6D, 0xCC, 0xCC, 0x06, 0x00, 0x00,
    0x00, 0x00, 0x01, 0xB5, 0xFF, 0xF3, 0x24, 0x00, 0x00, 0x00, 0x00, 0x00, 0x00, 0x58, 0xFF, 0xDB,
    0x0B, 0x00, 0x00, 0x00, 0x00, 0x00, 0x19, 0xEA, 0xC4, 0xFD, 0xA2, 0x00, 0x00, 0x00, 0x00, 0x02,
    0xBB, 0xDE, 0x0E, 0x80, 0xFF, 0x60, 0x00, 0x00, 0x00, 0x79, 0xFB, 0x38, 0x00, 0x02, 0xBE, 0xF4,
    0x29, 0x00, 0x37, 0xFB, 0x7C, 0x00, 0x00, 0x00, 0x19, 0xE9, 0xD2, 0x09, 0x62, 0xFF, 0x37, 0x00,
    0x00, 0x00, 0x00, 0x4F, 0xFF, 0x25, 0x06, 0xE6, 0xAF, 0x00, 0x00, 0x00, 0x00, 0xB3, 0xBF, 0x00,
    0x00, 0x77, 0xFE, 0x28, 0x00, 0x00, 0x1A, 0xFC, 0x5A, 0x00, 0x00, 0x0F, 0xF2, 0x9F, 0x00, 0x00,
    0x7B, 0xED, 0x07, 0x00, 0x00, 0x00, 0x8D, 0xFA, 0x1C, 0x01, 0xDD, 0x8F, 0x00, 0x00, 0x00, 0x00,
    0x1D, 0xFB, 0x8F, 0x43, 0xFF, 0x2A, 0x00, 0x00, 0x00, 0x00, 0x00, 0xA3, 0xF4, 0xB7, 0xC4, 0x00,
    0x00, 0x00, 0x00, 0x00, 0x00, 0x2E, 0xFF, 0xFF, 0x5E, 0x00, 0x00, 0x00, 0x00, 0x00, 0x00, 0x00,
    0xBC, 0xEE, 0x09, 0x00, 0x00, 0x00, 0x00, 0x00, 0x00, 0x04, 0xDC, 0x8B, 0x00, 0x00, 0x00, 0x00,
    0x00, 0x00, 0x00, 0x6F, 0xF5, 0x19, 0x00, 0x00, 0x00, 0x00, 0x4D, 0x4C, 0x85, 0xFA, 0x6F, 0x00,
    0x00, 0x00, 0x00, 0x00, 0xAF, 0xF7, 0xD2, 0x5F, 0x00, 0x00, 0x00, 0x00, 0x00, 0x00, 0x00, 0xD4,
    0xFF, 0xFF, 0xFF, 0xFF, 0xFF, 0xFF, 0x50, 0x00, 0x00, 0x00, 0x00, 0x00, 0x00, 0x17, 0xE6, 0xDC,
    0x10, 0x00, 0x00, 0x00, 0x00, 0x00, 0x03, 0xBF, 0xF7, 0x30, 0x00, 0x00, 0x00, 0x00, 0x00, 0x00,
    0x87, 0xFF, 0x62, 0x00, 0x00, 0x00, 0x00, 0x00, 0x00, 0x4B, 0xFE, 0x9D, 0x00, 0x00, 0x00, 0x00,
    0x00, 0x00, 0x20, 0xEE, 0xD0, 0x08, 0x00, 0x00, 0x00, 0x00, 0x00, 0x06, 0xCB, 0xF0, 0x23, 0x00,
    0x00, 0x00, 0x00, 0x00, 0x00, 0x96, 0xFF, 0x4F, 0x00, 0x00, 0x00, 0x00, 0x00, 0x00, 0x00, 0xF8,
    0xFF, 0xFF, 0xFF, 0xFF, 0xFF, 0xFF, 0x80, 0x00, 0x00, 0x00, 0x00, 0x00, 0x29, 0xBD, 0xF1, 0xFE,
    0xA0, 0x00, 0x00, 0x00, 0x00, 0x00, 0xC1, 0xCD, 0x21, 0x02, 0x00, 0x00, 0x00, 0x00, 0x00, 0x00,
    0xF3, 0x8A, 0x00, 0x00, 0x00, 0x00, 0x00, 0x00, 0x00, 0x00, 0xDE, 0xA9, 0x00, 0x00, 0x00, 0x00,
    0x00, 0x00, 0x00, 0x00, 0xAD, 0xDA, 0x00, 0x00, 0x00, 0x00, 0x00, 0x00, 0x00, 0x00, 0x81, 0xFC,
    0x00, 0x00, 0x00, 0x00, 0x00, 0x00, 0x00, 0x00, 0x84, 0xE3, 0x00, 0x00, 0x00, 0x00, 0x00, 0x00,
    0x07, 0x3D, 0xE8, 0x66, 0x00, 0x00, 0x00, 0x00, 0x00, 0x5C, 0xFF, 0xFF, 0xAA, 0x00, 0x00, 0x00,
    0x00, 0x00, 0x00, 0x00, 0x06, 0x38, 0xE1, 0x80, 0x00, 0x00, 0x00, 0x00, 0x00, 0x00, 0x00, 0x00,
    0x7D, 0xF1, 0x00, 0x00, 0x00, 0x00, 0x00, 0x00, 0x00, 0x00, 0x90, 0xF0, 0x00, 0x00, 0x00, 0x00,
    0x00, 0x00, 0x00, 0x00, 0xC6, 0xBC, 0x00, 0x00, 0x00, 0x00, 0x00, 0x00, 0x00, 0x00, 0xF1, 0x8E,
    0x00, 0x00, 0x00, 0x00, 0x00, 0x00, 0x00, 0x00, 0xD4, 0xC4, 0x1C, 0x01, 0x00, 0x00, 0x00, 0x00,
    0x00, 0x00, 0x37, 0xC7, 0xF4, 0xFF, 0xA0, 0x00, 0x00, 0x00, 0x00, 0x00, 0xD4, 0x70, 0x00, 0x00,
    0x00, 0x00, 0x00, 0x00, 0x00, 0x00, 0xD4, 0x70, 0x00, 0x00, 0x00, 0x00, 0x00, 0x00, 0x00, 0x00,
    0xD4, 0x70, 0x00, 0x00, 0x00, 0x00, 0x00, 0x00, 0x00, 0x00, 0xD4, 0x70, 0x00, 0x00, 0x00, 0x00,
    0x00, 0x00, 0x00, 0x00, 0xD4, 0x70, 0x00, 0x00, 0x00, 0x00, 0x00, 0x00, 0x00, 0x00, 0xD4, 0x70,
    0x00, 0x00, 0x00, 0x00, 0x00, 0x00, 0x00, 0x00, 0xD4, 0x70, 0x00, 0x00, 0x00, 0x00, 0x00, 0x00,
    0x00, 0x00, 0xD4, 0x70, 0x00, 0x00, 0x00, 0x00, 0x00, 0x00, 0x00, 0x00, 0xD4, 0x70, 0x00, 0x00,
    0x00, 0x00, 0x00, 0x00, 0x00, 0x00, 0xD4, 0x70, 0x00, 0x00, 0x00, 0x00, 0x00, 0x00, 0x00, 0x00,
    0xD4, 0x70, 0x00, 0x00, 0x00, 0x00, 0x00, 0x00, 0x00, 0x00, 0xD4, 0x70, 0x00, 0x00, 0x00, 0x00,
    0x04, 0xFF, 0xFB, 0xE3, 0x8C, 0x02, 0x00, 0x00, 0x00, 0x00, 0x00, 0x00, 0x08, 0x4F, 0xFE, 0x5B,
    0x00, 0x00, 0x00, 0x00, 0x00, 0x00, 0x00, 0x00, 0xEF, 0x8E, 0x00, 0x00, 0x00, 0x00, 0x00, 0x00,
    0x00, 0x11, 0xFF, 0x77, 0x00, 0x00, 0x00, 0x00, 0x00, 0x00, 0x00, 0x42, 0xFF, 0x49, 0x00, 0x00,
    0x00, 0x00, 0x00, 0x00, 0x00, 0x61, 0xFF, 0x1C, 0x00, 0x00, 0x00, 0x00, 0x00, 0x00, 0x00, 0x4A,
    0xFF, 0x1F, 0x00, 0x00, 0x00, 0x00, 0x00, 0x00, 0x00, 0x03, 0xCA, 0xAB, 0x1C, 0x01, 0x00, 0x00,
    0x00, 0x00, 0x00, 0x00, 0x21, 0xEE, 0xFF, 0xF4, 0x00, 0x00, 0x00, 0x00, 0x00, 0x0D, 0xDA, 0xA1,
    0x1A, 0x01, 0x00, 0x00, 0x00, 0x00, 0x00, 0x58, 0xFF, 0x19, 0x00, 0x00, 0x00, 0x00, 0x00, 0x00,
    0x00, 0x56, 0xFF, 0x2B, 0x00, 0x00, 0x00, 0x00, 0x00, 0x00, 0x00, 0x24, 0xFF, 0x60, 0x00, 0x00,
    0x00, 0x00, 0x00, 0x00, 0x00, 0x00, 0xF3, 0x8B, 0x00, 0x00, 0x00, 0x00, 0x00, 0x00, 0x06, 0x45,
    0xFD, 0x6F, 0x00, 0x00, 0x00, 0x00, 0x04, 0xFF, 0xFC, 0xE8, 0x9E, 0x07, 0x00, 0x00, 0x00, 0x00,
    0x01, 0x95, 0xF1, 0xD4, 0x5F, 0x02, 0x00, 0x00, 0xA6, 0x18, 0x52, 0xD8, 0x50, 0x89, 0xF4, 0xCF,
    0x60, 0x6D, 0xEB, 0x04, 0x65, 0x52, 0x00, 0x00, 0x1B, 0x96, 0xEB, 0xD9, 0x40, 0x00, 0x00, 0x00,
    0x00, 0x00, 0x00, 0x00, 0x00, 0x00, 0x00, 0x00, 0x00, 0x00, 0x00, 0x00, 0x00, 0x00, 0x00, 0x00,
    0x00, 0x00, 0x00, 0x00, 0x00, 0x00, 0x00, 0x00, 0x00, 0x00, 0x00, 0x00, 0x00, 0x00, 0x00, 0x60,
    0x45, 0x59, 0x35, 0x00, 0x00, 0x00, 0x00, 0x00, 0x32, 0x75, 0x00, 0x00, 0xAC, 0x00, 0x00, 0x00,
    0x00, 0x00, 0x32, 0xC1, 0x0E, 0x3C, 0xC7, 0x00, 0x00, 0x00, 0x00, 0x00, 0x00, 0x80, 0xEE, 0xD7,
    0x35, 0x00, 0x00, 0x00, 0x00, 0x00, 0x00, 0x00, 0x00, 0x00, 0x00, 0x00, 0x00, 0x00, 0x00, 0x00,
    0x00, 0x00, 0x00, 0x00, 0x00, 0x00, 0x00, 0x00, 0x00, 0x00, 0x00, 0x00, 0x00, 0x00, 0x00, 0x00,
    0x00, 0x00, 0x00, 0x00, 0x00, 0x00, 0x00, 0x00, 0x00, 0x00, 0x00, 0x00, 0x00, 0x00, 0x00, 0x00,
    0x00, 0x00, 0x00, 0x00, 0x00, 0x00, 0x00, 0x00, 0x00, 0x00, 0x00, 0x00, 0x00, 0x00, 0x00, 0x00,
    0x00, 0x00, 0x00, 0x00, 0x00, 0x00, 0x00, 0x00, 0x00, 0x00, 0x00, 0x00, 0x00, 0x00, 0x00, 0x00,
    0x00, 0x00, 0x00, 0x00, 0x00, 0x00, 0x00, 0x00, 0xD0, 0x68, 0x00, 0x00, 0x00, 0x00, 0x00, 0x00,
    0x00, 0x00, 0xD0, 0x68, 0x00, 0x00, 0x00, 0x00, 0x00, 0x00, 0x00, 0x00, 0xD0, 0x68, 0x00, 0x00,
    0x00, 0x00, 0x00, 0x00, 0x00, 0x00, 0xD0, 0x68, 0x00, 0x00, 0x00, 0x00, 0x70, 0xFF, 0xFF, 0xFF,
    0xFF, 0xFF, 0xFF, 0xFF, 0xFF, 0x08, 0x00, 0x00, 0x00, 0x00, 0xD0, 0x68, 0x00, 0x00, 0x00, 0x00,
    0x00, 0x00, 0x00, 0x00, 0xD0, 0x68, 0x00, 0x00, 0x00, 0x00, 0x00, 0x00, 0x00, 0x00, 0xD0, 0x68,
    0x00, 0x00, 0x00, 0x00, 0x00, 0x00, 0x00, 0x00, 0x85, 0x42, 0x00, 0x00, 0x00, 0x00, 0x00, 0x00,
    0x00, 0x00, 0x00, 0x00, 0x00, 0x00, 0x00, 0x00, 0x70, 0xFF, 0xFF, 0xFF, 0xFF, 0xFF, 0xFF, 0xFF,
    0xFF, 0x08, 0x00, 0x00, 0x9A, 0xDD, 0xE8, 0xF1, 0xC0, 0x25, 0x00, 0x00, 0x00, 0x00, 0x32, 0x08,
    0x00, 0x0B, 0xBF, 0x90, 0x00, 0x00, 0x00, 0x00, 0x00, 0x00, 0x00, 0x52, 0xEA, 0x34, 0x00, 0x00,
    0x00, 0x00, 0x00, 0x0A, 0x94, 0xD4, 0x2D, 0x00, 0x00, 0x00, 0x00, 0x00, 0x25, 0xD5, 0x87, 0x06,
    0x00, 0x00, 0x00, 0x00, 0x00, 0x06, 0xE0, 0x66, 0x00, 0x00, 0x00, 0x00, 0x00, 0x00, 0x00, 0x23,
    0xFF, 0xFF, 0xFF, 0xFF, 0xFF, 0xBC, 0x00, 0x00, 0x00, 0x00, 0x00, 0x00, 0x00, 0x00, 0x00, 0x00,
    0x00, 0x00, 0x00, 0x00, 0x00, 0x00, 0x00, 0x00, 0x00, 0x00, 0x00, 0x00, 0x00, 0x00, 0x00, 0x00,
    0x00, 0x00, 0x00, 0x00, 0x00, 0x00, 0x00, 0x00, 0x00, 0x00, 0x00, 0x00, 0x00, 0x00, 0x00, 0x00,
    0x00, 0x00, 0x00, 0x00, 0x00, 0x00, 0x00, 0x00, 0x00, 0x00, 0x0C, 0xFF, 0x68, 0x00, 0x00, 0x00,
    0x0C, 0xFF, 0x68, 0x00, 0x0C, 0xFF, 0x68, 0x00, 0x00, 0x00, 0x0C, 0xFF, 0x68, 0x00, 0x0C, 0xFF,
    0x68, 0x00, 0x00, 0x00, 0x0C, 0xFF, 0x68, 0x00, 0x0C, 0xFF, 0x68, 0x00, 0x00, 0x00, 0x0C, 0xFF,
    0x68, 0x00, 0x0C, 0xFF, 0x68, 0x00, 0x00, 0x00, 0x0C, 0xFF, 0x68, 0x00, 0x0C, 0xFF, 0x71, 0x00,
    0x00, 0x00, 0x4A, 0xFF, 0x68, 0x00, 0x0C, 0xFF, 0x9C, 0x00, 0x00, 0x1C, 0xE7, 0xFF, 0x68, 0x00,
    0x0C, 0xFF, 0xF8, 0x75, 0x68, 0xE1, 0xB4, 0xFF, 0x68, 0x00, 0x0C, 0xFF, 0xE4, 0xFF, 0xFF, 0xB8,
    0x19, 0xF0, 0x61, 0x00, 0x0C, 0xFF, 0x68, 0x25, 0x26, 0x00, 0x00, 0x00, 0x00, 0x00, 0x0C, 0xFF,
    0x68, 0x00, 0x00, 0x00, 0x00, 0x00, 0x00, 0x00, 0x0C, 0xFF, 0x68, 0x00, 0x00, 0x00, 0x00, 0x00,
    0x00, 0x00, 0x00, 0x05, 0x70, 0xCC, 0xF5, 0xEF, 0xB3, 0x21, 0x00, 0x00, 0x00, 0xA7, 0xF5, 0x52,
    0x0D, 0x19, 0xBE, 0xBB, 0x00, 0x00, 0x00, 0x11, 0xB2, 0xD8, 0x0F, 0x00, 0x5E, 0xE6, 0x00, 0x00,
    0x00, 0x0C, 0xF6, 0x4D, 0x00, 0x00, 0x58, 0xE8, 0x00, 0x00, 0x00, 0x18, 0xFF, 0x2C, 0x00, 0x00,
    0x58, 0xE8, 0x00, 0x00, 0x00, 0x18, 0xFF, 0x2C, 0x00, 0x00, 0x58, 0xE8, 0x00, 0x00, 0x00, 0x18,
    0xFF, 0x2C, 0x00, 0x00, 0x58, 0xE8, 0x00, 0x00, 0x00, 0x18, 0xFF, 0x2C, 0x00, 0x00, 0x58, 0xE8,
    0x00, 0x00, 0x00, 0x39, 0xDB, 0xF3, 0xB0, 0x11, 0x74, 0xD0, 0x00, 0x00, 0x00, 0xDA, 0xC4, 0x95,
    0xCE, 0x87, 0x74, 0xD0, 0x00, 0x00, 0x0F, 0xDE, 0x2F, 0xC8, 0x93, 0x93, 0x74, 0xD0, 0x00, 0x00,
    0x00, 0x9F, 0xF1, 0x6D, 0xE2, 0x3B, 0x74, 0xD0, 0x00, 0x00, 0x00, 0x00, 0x00, 0x6E, 0xD0, 0x00,
    0x74, 0xD0, 0x00, 0x00, 0x00, 0x00, 0x00, 0x8C, 0xB8, 0x00, 0x74, 0xD0, 0x00, 0x00, 0x00, 0x00,
    0x00, 0x8C, 0xB8, 0x00, 0x87, 0xCE, 0x00, 0x00, 0x00, 0x00, 0x5C, 0xFF, 0xFF, 0xFF, 0xF8, 0x78,
    0x00, 0x00, 0x00, 0x00, 0x00, 0x00, 0x00, 0x00, 0x00, 0x00, 0x00, 0x00, 0x00, 0x46, 0xD3, 0x2B,
    0xD8, 0x3E, 0x34, 0x4E, 0x00, 0x00, 0x08, 0xEC, 0xDC, 0xDC, 0xB8, 0xC9, 0x80, 0xC0, 0x00, 0x00,
    0x37, 0xFF, 0xB9, 0x2C, 0x3B, 0xDF, 0x80, 0xC0, 0x00, 0x00, 0x2B, 0xBC, 0x5F, 0x8F, 0x67, 0xA8,
    0x80, 0xC0, 0x00, 0x00, 0x04, 0xC8, 0xEC, 0x50, 0xDF, 0x30, 0x80, 0xC0, 0x00, 0x00, 0x00, 0x00,
    0x00, 0x74, 0xC3, 0x00, 0x80, 0xC0, 0x00, 0x00, 0x00, 0x00, 0x00, 0x8C, 0xB4, 0x00, 0x80, 0xC0,
    0x00, 0x00, 0x00, 0x00, 0x00, 0x8C, 0xB4, 0x00, 0x88, 0xBF, 0x00, 0x00, 0x00, 0x00, 0x48, 0xFF,
    0xFF, 0xFF, 0xFD, 0x87, 0x00, 0x00, 0x00, 0x06, 0x81, 0xE2, 0xFA, 0xE5, 0x92, 0x0B, 0x00, 0x00,
    0x00, 0x97, 0xDF, 0x3C, 0x0A, 0x36, 0xD7, 0xA9, 0x00, 0x00, 0x00, 0xEE, 0x51, 0x5D, 0xF1, 0xB0,
    0x5D, 0xF2, 0x00, 0x00, 0x09, 0xFF, 0x4B, 0xF1, 0x44, 0xD1, 0x5C, 0xFC, 0x00, 0x00, 0x00, 0xEE,
    0xAA, 0xF3, 0xF7, 0xB5, 0x46, 0xFC, 0x00, 0x00, 0x00, 0xB8, 0xFA, 0x6A, 0x00, 0x00, 0x44, 0xFC,
    0x00, 0x00, 0x00, 0x7E, 0xFF, 0x29, 0x00, 0x00, 0x44, 0xFC, 0x00, 0x00, 0x00, 0x5C, 0xFE, 0x05,
    0x00, 0x00, 0x44, 0xFC, 0x00, 0x00, 0x00, 0x4B, 0xF8, 0x00, 0x00, 0x00, 0x44, 0xFC, 0x00, 0x00,
    0x00, 0x03, 0x91, 0xBA, 0x0E, 0x8F, 0xC2, 0x1F, 0x00, 0x00, 0x00, 0x88, 0xFB, 0xBB, 0xEC, 0xB8,
    0xDA, 0xB0, 0x00, 0x00, 0x01, 0xF4, 0x72, 0x00, 0x3B, 0x02, 0x63, 0xE4, 0x00, 0x00, 0x06, 0xFE,
    0x24, 0x96, 0xF2, 0x80, 0x58, 0xEC, 0x00, 0x00, 0x00, 0xD0, 0x86, 0xFF, 0x33, 0xD6, 0x58, 0xEC,
    0x00, 0x00, 0x00, 0x78, 0xFE, 0xAB, 0xEE, 0x7C, 0x58, 0xEC, 0x00, 0x00, 0x00, 0x2E, 0xFF, 0x3A,
    0x00, 0x00, 0x58, 0xEC, 0x00, 0x00, 0x00, 0x10, 0xFF, 0x2A, 0x00, 0x00, 0x58, 0xEC, 0x00, 0x00,
    0x00, 0x12, 0xFF, 0x26, 0x00, 0x00, 0x58, 0xEC, 0x00, 0x00, 0x00, 0x00, 0x00, 0x00, 0x00, 0x00,
    0x00, 0x00, 0x00, 0x00, 0x00, 0x71, 0xC3, 0x36, 0xDF, 0x2F, 0x00, 0x63, 0x20, 0x00, 0x20, 0xFD,
    0xBE, 0xCC, 0xC9, 0xA9, 0x00, 0xF4, 0x50, 0x00, 0x66, 0xFE, 0xDD, 0x22, 0x6C, 0xB1, 0x00, 0xF4,
    0x50, 0x00, 0x63, 0x87, 0x89, 0x5C, 0xA0, 0x86, 0x00, 0xF4, 0x50, 0x00, 0x1C, 0xCD, 0xC6, 0x6E,
    0xE7, 0x1B, 0x00, 0xF4, 0x50, 0x00, 0x00, 0x00, 0x15, 0xF5, 0x47, 0x00, 0x00, 0xF4, 0x50, 0x00,
    0x00, 0x60, 0xE6, 0xFF, 0xD5, 0x63, 0x03, 0xF4, 0x50, 0x00, 0x00, 0xC4, 0x58, 0xFF, 0x52, 0xB9,
    0xC8, 0xF8, 0x50, 0x00, 0x00, 0x6E, 0xF5, 0xB2, 0x01, 0x00, 0x8B, 0xFF, 0x50, 0x00, 0x00, 0x00,
    0x00, 0x00, 0x00, 0xA6, 0xF4, 0x6B, 0x00, 0x00, 0x00, 0x00, 0x00, 0x00, 0x0B, 0xDA, 0x3E, 0xCC,
    0x00, 0x00, 0x00, 0x26, 0x23, 0x00, 0x00, 0xA4, 0xF4, 0xD0, 0x00, 0x00, 0x00, 0x53, 0xDE, 0xAC,
    0x16, 0x00, 0x74, 0xD0, 0x00, 0x00, 0x00, 0x00, 0x0B, 0x9C, 0xDF, 0x22, 0x74, 0xD0, 0x00, 0x00,
    0x00, 0x00, 0x00, 0x00, 0x89, 0xDF, 0x90, 0xD0, 0x00, 0x00, 0x00, 0x00, 0x00, 0x00, 0x00, 0x9D,
    0xFE, 0xD0, 0x00, 0x00, 0x00, 0x00, 0x00, 0x00, 0x00, 0x06, 0xCC, 0xD0, 0x00, 0x00, 0x00, 0x09,
    0x89, 0xDF, 0xFD, 0xE5, 0x88, 0x08, 0x00, 0x00, 0x00, 0x90, 0xA6, 0x29, 0x07, 0x36, 0xDD, 0x93,
    0x00, 0x00, 0x00, 0x47, 0x00, 0x00, 0x00, 0x00, 0x78, 0xE3, 0x00, 0x00, 0x00, 0x00, 0x4F, 0xEF,
    0xBF, 0x16, 0x66, 0xE2, 0x00, 0x00, 0x00, 0x00, 0xB0, 0x4F, 0xC9, 0xA1, 0x71, 0xD4, 0x00, 0x00,
    0x00, 0x00, 0x57, 0xF1, 0xC9, 0xF3, 0x92, 0xC7, 0x00, 0x00, 0x00, 0x00, 0x00, 0x00, 0x00, 0xAE,
    0xEC, 0xB9, 0x00, 0x00, 0x00, 0x00, 0x00, 0x00, 0x00, 0x58, 0xFF, 0xAC, 0x00, 0x00, 0x00, 0x00,
    0x00, 0x00, 0x00, 0x10, 0xFB, 0x9E, 0x00, 0x00, 0x00, 0x2C, 0xAC, 0xED, 0xF8, 0xD7, 0x83, 0x0B,
    0x00, 0x00, 0x0F, 0xDE, 0x67, 0x16, 0x09, 0x3D, 0xDF, 0x91, 0x00, 0x00, 0x14, 0x31, 0x00, 0x00,
    0x00, 0x00, 0x6C, 0xD8, 0x00, 0x00, 0x04, 0xB4, 0xF3, 0x53, 0x00, 0x00, 0x60, 0xE0, 0x00, 0x00,
    0x2B, 0xC5, 0x50, 0xAD, 0x00, 0x00, 0x60, 0xE0, 0x00, 0x00, 0x06, 0xC7, 0xFF, 0xB8, 0x00, 0x07,
    0xAA, 0xB1, 0x00, 0x00, 0x00, 0x00, 0x96, 0xB8, 0x46, 0xDD, 0xFD, 0xF2, 0x38, 0x00, 0x00, 0x00,
    0x8C, 0xEC, 0xED, 0xAF, 0x8C, 0x71, 0x7D, 0x00, 0x00, 0x00, 0x85, 0xE5, 0x27, 0x1E, 0xD8, 0xE2,
    0x29, 0x00, 0x00, 0x00, 0x00, 0x00, 0x00, 0x00, 0x00, 0x5B, 0xFA, 0x31, 0x00, 0x52, 0xE8, 0xEB,
    0x8E, 0x18, 0xAE, 0xB8, 0x38, 0x00, 0x11, 0xE5, 0xCB, 0x7C, 0xE2, 0x5C, 0x97, 0xA5, 0x00, 0x00,
    0x30, 0xBA, 0x50, 0xA1, 0xBD, 0x68, 0x84, 0xBF, 0x00, 0x00, 0x05, 0xBC, 0xEC, 0x5E, 0xF1, 0x18,
    0x84, 0xC0, 0x00, 0x00, 0x00, 0x00, 0x00, 0x81, 0xBD, 0x00, 0x84, 0xC0, 0x00, 0x00, 0x00, 0x00,
    0x00, 0x90, 0xB4, 0x00, 0x84, 0xC0, 0x00, 0x00, 0x00, 0x00, 0x00, 0x90, 0xB4, 0x00, 0x89, 0xC0,
    0x00, 0x00, 0x00, 0x00, 0x60, 0xFF, 0xFF, 0xFF, 0xFE, 0x8E, 0x00, 0x00, 0x00, 0x08, 0x51, 0x09,
    0x51, 0x02, 0x00, 0x6B, 0xEC, 0x19, 0x00, 0xBE, 0xE0, 0xE9, 0xDD, 0x87, 0xAD, 0xA1, 0x1E, 0x00,
    0x33, 0xFF, 0xB9, 0x36, 0x43, 0xD7, 0x91, 0x9C, 0x00, 0x00, 0x3E, 0xB1, 0x67, 0x7E, 0x62, 0xC0,
    0x88, 0xB7, 0x00, 0x00, 0x0A, 0xCD, 0xE7, 0x3F, 0xDF, 0x50, 0x88, 0xB8, 0x00, 0x00, 0x00, 0x00,
    0x00, 0x78, 0xCD, 0x00, 0x88, 0xB8, 0x00, 0x00, 0x00, 0x00, 0x00, 0x98, 0xAC, 0x00, 0x88, 0xB8,
    0x00, 0x00, 0x00, 0x00, 0x00, 0x98, 0xAC, 0x00, 0x8F, 0xB8, 0x00, 0x00, 0x00, 0x00, 0x68, 0xFF,
    0xFF, 0xFF, 0xFD, 0x7D, 0x00, 0x00, 0x09, 0x85, 0xE4, 0xF7, 0xCE, 0x43, 0x00, 0x74, 0xD0, 0x00,
    0xA8, 0xDF, 0x30, 0x09, 0x7E, 0xF5, 0x09, 0x74, 0xD0, 0x00, 0x18, 0xD0, 0x8A, 0x00, 0x1A, 0xFF,
    0x2E, 0x74, 0xD0, 0x00, 0x18, 0xFE, 0x2E, 0x00, 0x14, 0xFF, 0x30, 0x74, 0xD0, 0x00, 0x28, 0xFF,
    0x1C, 0x00, 0x14, 0xFF, 0x30, 0x74, 0xD0, 0x00, 0x28, 0xFE, 0x9B, 0x09, 0x92, 0xFE, 0x7E, 0x74,
    0xD0, 0x00, 0x25, 0xAF, 0x7A, 0x69, 0xB1, 0x9C, 0xC9, 0xE8, 0xD0, 0x00, 0x04, 0xC6, 0xDF, 0x13,
    0xCA, 0xD3, 0x0D, 0xA7, 0xD0, 0x00, 0x03, 0x79, 0xE0, 0xF4, 0xC6, 0x36, 0x00, 0x6C, 0xD8, 0x00,
    0x99, 0xE0, 0x26, 0x0C, 0xA0, 0xCF, 0x00, 0x6C, 0xD8, 0x00, 0x12, 0xC9, 0x95, 0x00, 0x4C, 0xFA,
    0x00, 0x6C, 0xD8, 0x00, 0x0C, 0xFB, 0x2A, 0x00, 0x48, 0xFC, 0x00, 0x6C, 0xD8, 0x00, 0x20, 0xFF,
    0x24, 0x00, 0x48, 0xFC, 0x00, 0x6C, 0xD8, 0x00, 0x20, 0xFF, 0xCC, 0x13, 0x48, 0xFC, 0x00, 0x6C,
    0xD8, 0x00, 0x1D, 0xB8, 0x73, 0x4C, 0x48, 0xFC, 0x00, 0x8F, 0xD6, 0x00, 0x02, 0xB9, 0xDF, 0x18,
    0x48, 0xFF, 0xFF, 0xFD, 0x87, 0x00, 0x00, 0x00, 0x00, 0x00, 0x07, 0xD3, 0xB0, 0x0E, 0x49, 0x00,
    0x00, 0x00, 0x00, 0x00, 0x23, 0x93, 0xA7, 0x54, 0xA4, 0x00, 0x00, 0x00, 0x00, 0x00, 0x01, 0x82,
    0xC6, 0x8F, 0x1C, 0x00, 0x00, 0x00, 0x55, 0xBF, 0xEF, 0xF5, 0xC2, 0x34, 0x00, 0x00, 0x00, 0x7D,
    0xFC, 0x67, 0x12, 0x13, 0x99, 0xDE, 0x00, 0x00, 0x00, 0x06, 0x88, 0xF1, 0x28, 0x00, 0x31, 0xFF,
    0x14, 0x00, 0x00, 0x00, 0xDB, 0x8A, 0x00, 0x00, 0x2C, 0xFF, 0x18, 0x00, 0x00, 0x00, 0xF0, 0x54,
    0x00, 0x00, 0x2C, 0xFF, 0x18, 0x00, 0x2E, 0xD0, 0xFD, 0x54, 0x00, 0x00, 0x2C, 0xFF, 0x18, 0x00,
    0x8A, 0x5B, 0xAE, 0x50, 0x00, 0x00, 0x2C, 0xFF, 0x18, 0x00, 0x37, 0xE5, 0xD3, 0x14, 0x00, 0x00,
    0x2C, 0xFF, 0x18, 0x00, 0x00, 0x00, 0x00, 0x00, 0x5D, 0x95, 0x2C, 0xFF, 0x18, 0x00, 0x00, 0x00,
    0x96, 0xF3, 0xFF, 0xD0, 0x3B, 0xFF, 0x18, 0x00, 0x00, 0x12, 0xF8, 0x54, 0xE6, 0xB7, 0xEA, 0xFF,
    0x18, 0x00, 0x00, 0x00, 0xA6, 0xF4, 0x9F, 0x00, 0x6D, 0xA4, 0x0F, 0x00, 0x00, 0x00, 0x4F, 0xB7,
    0xF4, 0xF5, 0xC7, 0x46, 0x00, 0x00, 0x00, 0x66, 0xFF, 0x71, 0x0E, 0x15, 0x84, 0xF4, 0x0C, 0x00,
    0x00, 0x01, 0x6B, 0xF7, 0x3F, 0x00, 0x17, 0xFF, 0x2D, 0x00, 0x00, 0x00, 0xC3, 0xA5, 0x00, 0x00,
    0x10, 0xFF, 0x30, 0x00, 0x00, 0x00, 0xD4, 0x68, 0x00, 0x00, 0x10, 0xFF, 0x30, 0x00, 0x25, 0xDF,
    0xFF, 0x68, 0x00, 0x00, 0x10, 0xFF, 0x30, 0x00, 0x6F, 0x7A, 0x9E, 0x64, 0x00, 0x00, 0x10, 0xFF,
    0x30, 0x00, 0x25, 0xDD, 0xDC, 0x1F, 0x00, 0x00, 0x10, 0xFF, 0x30, 0x00, 0x00, 0x3E, 0x34, 0x61,
    0x42, 0x00, 0x10, 0xFF, 0x30, 0x00, 0x62, 0xD4, 0xE7, 0xFC, 0x27, 0x7A, 0x48, 0xFF, 0x30, 0x00,
    0x9A, 0x70, 0x9A, 0xE8, 0xC7, 0xDE, 0xEC, 0xFF, 0x30, 0x00, 0x3C, 0xE3, 0xC0, 0x11, 0x9E, 0x3F,
    0x38, 0xA4, 0x1E, 0x00, 0x00, 0x00, 0x00, 0x00, 0x00, 0x02, 0x05, 0x2E, 0x2D, 0x00, 0x00, 0x00,
    0x63, 0x8E, 0x88, 0xA1, 0xD5, 0xF5, 0x61, 0x00, 0x00, 0x4B, 0xF7, 0xFA, 0xDB, 0xA4, 0x53, 0x00,
    0x00, 0x00, 0x00, 0x00, 0x00, 0x0E, 0x3C, 0x89, 0xFD, 0x64, 0x00, 0x00, 0x00, 0x00, 0x5C, 0xF3,
    0xA4, 0x00, 0xBB, 0x83, 0x00, 0x00, 0x00, 0x00, 0xB8, 0x2D, 0xF5, 0x36, 0xD0, 0x5F, 0x00, 0x00,
    0x00, 0x00, 0x68, 0xEF, 0xD5, 0x8F, 0xF1, 0x3B, 0x00, 0x00, 0x00, 0x00, 0x00, 0x00, 0x21, 0xE9,
    0xFF, 0x16, 0x00, 0x00, 0x00, 0x00, 0x00, 0x00, 0x00, 0xA7, 0xF2, 0x00, 0x00, 0x00, 0x00, 0x00,
    0x00, 0x1F, 0x19, 0xAF, 0xE9, 0x21, 0x00, 0x00, 0x00, 0x00, 0x00, 0x51, 0x8E, 0xB2, 0x6F, 0x5A,
    0x00, 0x00, 0x00, 0x00, 0x74, 0xC2, 0x86, 0x31, 0x51, 0x5C, 0x00, 0x00, 0x00, 0x00, 0x7F, 0x87,
    0x80, 0xB8, 0xFA, 0x5C, 0x00, 0x00, 0x00, 0x00, 0x00, 0x00, 0x00, 0x00, 0x00, 0x00, 0x00, 0x00,
    0x0E, 0xC5, 0x5C, 0x5A, 0x89, 0x00, 0x0C, 0xD0, 0x9A, 0x00, 0x96, 0xE4, 0xD2, 0xDA, 0xFF, 0x2A,
    0x75, 0xFF, 0xD7, 0x00, 0xD7, 0xE0, 0x79, 0x04, 0xDE, 0x46, 0xE6, 0xCC, 0xD8, 0x00, 0xD8, 0x29,
    0xE3, 0x09, 0xD8, 0x70, 0xD7, 0x6E, 0xD8, 0x00, 0x66, 0xF3, 0x9D, 0x94, 0x74, 0xDC, 0x5E, 0x6C,
    0xD8, 0x00, 0x00, 0x00, 0x1B, 0xFE, 0x76, 0xDE, 0x04, 0x6C, 0xD8, 0x00, 0x00, 0x00, 0x2C, 0xFF,
    0xD8, 0x66, 0x00, 0x6C, 0xD8, 0x00, 0x00, 0x00, 0x2C, 0xFF, 0xE2, 0x06, 0x00, 0x6C, 0xD8, 0x00,
    0x00, 0x00, 0x2C, 0xFF, 0x6E, 0x00, 0x00, 0x6C, 0xD8, 0x00, 0x00, 0x68, 0xBE, 0x13, 0xBC, 0x73,
    0x00, 0x27, 0x5C, 0x00, 0x3F, 0xFF, 0xCE, 0xEF, 0xCA, 0xFF, 0x34, 0x60, 0xE4, 0x00, 0x99, 0xCD,
    0x01, 0x59, 0x01, 0xE2, 0x6D, 0x60, 0xE4, 0x00, 0xA5, 0x90, 0x5E, 0xEE, 0x5C, 0xD4, 0x70, 0x60,
    0xE4, 0x00, 0x7E, 0xAE, 0xA0, 0x5A, 0x99, 0xD4, 0x70, 0x60, 0xE4, 0x00, 0x3F, 0xE0, 0x32, 0xF9,
    0x3D, 0xD4, 0x70, 0x60, 0xE4, 0x00, 0x08, 0xFF, 0xB2, 0x7A, 0xAC, 0xF8, 0xB9, 0x69, 0xE4, 0x00,
    0x00, 0xED, 0xCF, 0x14, 0xAE, 0x8E, 0xBC, 0xED, 0xE4, 0x00, 0x00, 0xEB, 0x63, 0x00, 0xB4, 0xCB,
    0x0D, 0x95, 0xE4, 0x00, 0x12, 0x96, 0xE8, 0xF5, 0xBF, 0x28, 0x00, 0x88, 0xB8, 0x00, 0x90, 0xE9,
    0x42, 0x0B, 0x9E, 0xCC, 0x00, 0x88, 0xB8, 0x00, 0x00, 0xCA, 0x82, 0x00, 0x4B, 0xF2, 0x00, 0x88,
    0xB8, 0x00, 0x20, 0xFF, 0x1C, 0x00, 0x48, 0xF4, 0x00, 0x88, 0xB8, 0x00, 0x28, 0xFF, 0x18, 0x00,
    0x48, 0xF4, 0x00, 0x88, 0xB8, 0x00, 0x28, 0xFE, 0xD8, 0x1C, 0x48, 0xF4, 0x23, 0xD8, 0xE1, 0x16,
    0x23, 0xB5, 0x7A, 0x5A, 0x48, 0xFA, 0xDA, 0xB7, 0x84, 0x5A, 0x03, 0xBF, 0xDC, 0x18, 0x48, 0xFF,
    0x4B, 0xBF, 0xEB, 0x21, 0x00, 0x0B, 0x80, 0xD8, 0xF7, 0xE5, 0x9A, 0x15, 0x00, 0x00, 0x00, 0xAB,
    0xC4, 0x30, 0x07, 0x2B, 0xCD, 0xB5, 0x00, 0x00, 0x04, 0xFB, 0x39, 0x77, 0xF0, 0xA2, 0x59, 0xF2,
    0x00, 0x00, 0x00, 0xE0, 0x5B, 0xBC, 0x73, 0xD9, 0x4C, 0xF8, 0x00, 0x00, 0x00, 0x7E, 0xB8, 0x2A,
    0xF9, 0x52, 0x4C, 0xF8, 0x00, 0x00, 0x00, 0x28, 0xFD, 0xBB, 0x84, 0x00, 0x4C, 0xF8, 0x00, 0x00,
    0x00, 0x05, 0xFF, 0xD4, 0x05, 0x00, 0x4C, 0xF8, 0x00, 0x00, 0x00, 0x07, 0xFF, 0x5F, 0x00, 0x00,
    0x4C, 0xF8, 0x00, 0x00, 0x00, 0x03, 0x8B, 0xC0, 0x11, 0x83, 0xCC, 0x24, 0x00, 0x00, 0x00, 0x80,
    0xFD, 0xBB, 0xEC, 0xBE, 0xD5, 0xC4, 0x00, 0x00, 0x00, 0xE7, 0x7E, 0x00, 0x39, 0x03, 0x53, 0xF6,
    0x00, 0x00, 0x00, 0xF8, 0x31, 0x61, 0xED, 0xA8, 0x48, 0xF8, 0x00, 0x00, 0x00, 0xC4, 0x58, 0xAC,
    0x53, 0xE3, 0x48, 0xF8, 0x00, 0x00, 0x00, 0x6E, 0xB6, 0x29, 0xF5, 0x87, 0x48, 0xF8, 0x00, 0x00,
    0x00, 0x21, 0xFE, 0xA7, 0x9F, 0x01, 0x48, 0xF8, 0x00, 0x00, 0x00, 0x04, 0xFF, 0xD9, 0x05, 0x00,
    0x48, 0xF8, 0x00, 0x00, 0x00, 0x06, 0xFF, 0x5F, 0x00, 0x00, 0x48, 0xF8, 0x00, 0x00, 0x00, 0x20,
    0x88, 0xD8, 0xFB, 0xE6, 0x9E, 0x0B, 0x00, 0x00, 0x00, 0xD3, 0xF0, 0x58, 0x07, 0x30, 0xDD, 0x85,
    0x00, 0x00, 0x00, 0x03, 0xD7, 0x9B, 0x02, 0x00, 0x8D, 0xB2, 0x00, 0x00, 0x00, 0x41, 0xFC, 0x06,
    0x00, 0x00, 0x88, 0xB4, 0x00, 0x00, 0x00, 0x4C, 0xF8, 0x00, 0x00, 0x00, 0x88, 0xB4, 0x00, 0x00,
    0x00, 0x4C, 0xFE, 0xD0, 0x34, 0x00, 0x88, 0xB4, 0x00, 0x00, 0x00, 0x47, 0xB5, 0x57, 0x93, 0x00,
    0x88, 0xB4, 0x00, 0x00, 0x00, 0x0D, 0xCB, 0xEB, 0x40, 0x00, 0x88, 0xB4, 0x00, 0x00, 0x58, 0xF2,
    0xB6, 0x04, 0x07, 0xBB, 0xB8, 0xA2, 0x00, 0x00, 0xA3, 0x7F, 0xE1, 0x2C, 0x5C, 0xB2, 0x50, 0xF3,
    0x00, 0x00, 0x17, 0x7F, 0xFF, 0x30, 0xC1, 0x4E, 0x50, 0xF4, 0x00, 0x00, 0x00, 0x14, 0xFF, 0x56,
    0xE5, 0x03, 0x50, 0xF4, 0x00, 0x00, 0x00, 0x14, 0xFF, 0xB9, 0x86, 0x00, 0x50, 0xF4, 0x00, 0x00,
    0x00, 0x14, 0xFF, 0xF3, 0x23, 0x00, 0x50, 0xF4, 0x00, 0x00, 0x00, 0x14, 0xFF, 0xBE, 0x00, 0x00,
    0x50, 0xF4, 0x00, 0x00, 0x00, 0x14, 0xFF, 0x5A, 0x00, 0x00, 0x50, 0xF4, 0x00, 0x00, 0x00, 0x02,
    0x85, 0xE7, 0xF6, 0x9B, 0x24, 0x57, 0x0A, 0x00, 0x00, 0x61, 0xF6, 0x47, 0x16, 0x69, 0xD0, 0xE7,
    0x18, 0x00, 0x00, 0x7F, 0xD1, 0xDF, 0xF5, 0xCB, 0x86, 0x10, 0x00, 0x00, 0x00, 0x00, 0x00, 0x00,
    0x0A, 0x42, 0xD2, 0x9E, 0x00, 0x00, 0x00, 0x00, 0xDC, 0x64, 0x00, 0x00, 0x8C, 0xB4, 0x00, 0x00,
    0x00, 0x00, 0xDC, 0x64, 0x00, 0x00, 0x8C, 0xB4, 0x00, 0x00, 0x00, 0x00, 0xDC, 0x64, 0x00, 0x00,
    0x8C, 0xB4, 0x00, 0x00, 0x00, 0x00, 0xDC, 0x64, 0x00, 0x00, 0x99, 0xB3, 0x00, 0x00, 0x00, 0x6C,
    0xFF, 0xFF, 0xFF, 0xFF, 0xFD, 0x71, 0x00, 0x00, 0x0C, 0xC8, 0xE6, 0x37, 0x00, 0x00, 0x48, 0xFC,
    0x00, 0x00, 0x46, 0xA4, 0x77, 0x94, 0x00, 0x00, 0x48, 0xFC, 0x00, 0x00, 0x12, 0xD5, 0xF6, 0x98,
    0x00, 0x00, 0x48, 0xFC, 0x00, 0x00, 0x00, 0x00, 0xAC, 0x98, 0x00, 0x00, 0x48, 0xFC, 0x00, 0x00,
    0x00, 0x00, 0xAC, 0x98, 0x00, 0x04, 0x86, 0xE2, 0x00, 0x00, 0x00, 0x00, 0xAC, 0x98, 0x2F, 0xD1,
    0xE9, 0xC5, 0x26, 0x00, 0x00, 0x00, 0xAC, 0xD6, 0xE1, 0xC7, 0x62, 0x7B, 0x78, 0x00, 0x00, 0x00,
    0xAC, 0xE3, 0x24, 0x39, 0xE5, 0xE1, 0x2E, 0x00, 0x2E, 0xDF, 0xDC, 0x20, 0x00, 0x00, 0x24, 0xFF,
    0x20, 0x00, 0x61, 0xA4, 0xBA, 0x68, 0x00, 0x00, 0x24, 0xFF, 0x20, 0x00, 0x04, 0x61, 0xE7, 0x6C,
    0x00, 0x00, 0x24, 0xFF, 0x20, 0x00, 0x00, 0x00, 0xD4, 0x6C, 0x00, 0x00, 0x24, 0xFF, 0x20, 0x00,
    0x00, 0x00, 0xD4, 0x6C, 0x00, 0x00, 0x24, 0xFF, 0x20, 0x00, 0x00, 0x00, 0xD4, 0x6C, 0x00, 0x00,
    0x24, 0xFF, 0x20, 0x00, 0x00, 0x00, 0xD4, 0x6C, 0x00, 0x00, 0x4E, 0xFF, 0x19, 0x00, 0x00, 0x98,
    0xFF, 0xFF, 0xFF, 0xFF, 0xF6, 0x96, 0x00, 0x00, 0x00, 0x00, 0x00, 0x00, 0x00, 0x00, 0x3C, 0xFF,
    0x08, 0x00, 0x00, 0x00, 0x00, 0x00, 0x00, 0x00, 0x3C, 0xFF, 0x08, 0x00, 0x00, 0x00, 0x00, 0x00,
    0x00, 0x00, 0x3C, 0xFF, 0x08, 0x00, 0x00, 0x00, 0x00, 0x00, 0x00, 0x00, 0x3C, 0xFF, 0x08, 0x00,
    0x41, 0xE6, 0xD1, 0x12, 0x00, 0x00, 0x3C, 0xFF, 0x08, 0x00, 0x82, 0x92, 0xCC, 0x50, 0x00, 0x00,
    0x3C, 0xFF, 0x08, 0x00, 0x0C, 0x70, 0xF7, 0x54, 0x00, 0x00, 0x3C, 0xFF, 0x08, 0x00, 0x00, 0x00,
    0xF0, 0x54, 0x00, 0x00, 0x3C, 0xFF, 0x08, 0x00, 0x00, 0x00, 0xF0, 0x54, 0x00, 0x00, 0x3C, 0xFF,
    0x08, 0x00, 0x00, 0x00, 0xF0, 0x54, 0x00, 0x00, 0x3C, 0xFF, 0x08, 0x00, 0x00, 0x00, 0xF0, 0x54,
    0x00, 0x00, 0x6A, 0xF8, 0x01, 0x00, 0x00, 0x9C, 0xFF, 0xFF, 0xFF, 0xFF, 0xF7, 0x78, 0x00, 0x00,
    0x00, 0x23, 0xDC, 0xE5, 0x2F, 0x00, 0x44, 0xFC, 0x00, 0x00, 0x00, 0x70, 0xB7, 0xA9, 0x60, 0x00,
    0x44, 0xFC, 0x00, 0x00, 0x00, 0x74, 0xE7, 0x6A, 0x06, 0x00, 0x44, 0xFC, 0x00, 0x00, 0x00, 0x74,
    0xCC, 0x00, 0x00, 0x00, 0x44, 0xFC, 0x00, 0x00, 0x00, 0x74, 0xCC, 0x00, 0x88, 0x24, 0x44, 0xFC,
    0x00, 0x00, 0x00, 0x74, 0xCC, 0x51, 0xF2, 0xCE, 0x4B, 0xFC, 0x00, 0x00, 0x00, 0x74, 0xE2, 0xEB,
    0x3F, 0xA6, 0xD0, 0xFC, 0x00, 0x00, 0x00, 0x74, 0xFF, 0x81, 0x00, 0x0E, 0xDE, 0xFC, 0x00, 0x00,
    0x00, 0x00, 0x00, 0x00, 0x00, 0x00, 0x64, 0xDC, 0x00, 0x00, 0x00, 0x00, 0x00, 0x00, 0x00, 0x00,
    0x64, 0xDC, 0x00, 0x00, 0x00, 0x00, 0x00, 0x00, 0x00, 0x00, 0x64, 0xDC, 0x00, 0x00, 0x00, 0x00,
    0x00, 0x00, 0x00, 0x00, 0x64, 0xDC, 0x00, 0x00, 0x00, 0x3B, 0xE9, 0xD2, 0x18, 0x00, 0x64, 0xDC,
    0x00, 0x00, 0x00, 0x90, 0x9F, 0xBD, 0x3D, 0x00, 0x64, 0xDC, 0x00, 0x00, 0x00, 0x94, 0xD9, 0x58,
    0x00, 0x00, 0x64, 0xDC, 0x00, 0x00, 0x00, 0x94, 0xB0, 0x00, 0x00, 0x00, 0x64, 0xDC, 0x00, 0x00,
    0x00, 0x94, 0xB0, 0x01, 0xA6, 0x18, 0x64, 0xDC, 0x00, 0x00, 0x00, 0x94, 0xB0, 0x70, 0xEE, 0xBA,
    0x65, 0xDC, 0x00, 0x00, 0x00, 0x94, 0xD4, 0xE7, 0x22, 0xC4, 0xD1, 0xDC, 0x00, 0x00, 0x00, 0x94,
    0xFF, 0x5D, 0x00, 0x1E, 0xEE, 0xDC, 0x00, 0x00, 0x86, 0xF0, 0x96, 0x00, 0x1A, 0x50, 0x00, 0xB8,
    0x88, 0x00, 0xD4, 0x6A, 0xF5, 0x00, 0x80, 0xC0, 0x00, 0xB8, 0x88, 0x00, 0x2C, 0x9E, 0xFC, 0x04,
    0xE5, 0xE8, 0x2C, 0xB8, 0x88, 0x00, 0x00, 0x48, 0xFC, 0x55, 0xC3, 0x87, 0x97, 0xB8, 0x88, 0x00,
    0x00, 0x48, 0xFC, 0xC0, 0x63, 0x26, 0xF3, 0xC6, 0x88, 0x00, 0x00, 0x48, 0xFF, 0xF5, 0x0D, 0x00,
    0xC6, 0xFE, 0x88, 0x00, 0x00, 0x48, 0xFF, 0xA3, 0x00, 0x00, 0x65, 0xFF, 0x88, 0x00, 0x00, 0x48,
    0xFF, 0x43, 0x00, 0x00, 0x0E, 0xF6, 0x88, 0x00, 0x00, 0x00, 0x00, 0x00, 0x00, 0x00, 0x00, 0xC4,
    0x7C, 0x00, 0x00, 0x00, 0x00, 0x00, 0x00, 0x00, 0x00, 0xC4, 0x7C, 0x00, 0x00, 0x00, 0x00, 0x00,
    0x00, 0x00, 0x00, 0xC4, 0x7C, 0x00, 0x00, 0x00, 0x00, 0x00, 0x00, 0x04, 0x00, 0xC4, 0x7C, 0x00,
    0x91, 0xF1, 0x7F, 0x00, 0x30, 0x5D, 0x00, 0xC4, 0x7C, 0x00, 0xD3, 0x6C, 0xE9, 0x00, 0x8E, 0xC4,
    0x00, 0xC4, 0x7C, 0x00, 0x31, 0xA6, 0xF0, 0x04, 0xE2, 0xEA, 0x2B, 0xC4, 0x7C, 0x00, 0x00, 0x54,
    0xF0, 0x4B, 0xAF, 0x93, 0x92, 0xC4, 0x7C, 0x00, 0x00, 0x54, 0xF0, 0xA9, 0x51, 0x32, 0xEF, 0xCD,
    0x7C, 0x00, 0x00, 0x54, 0xF7, 0xE4, 0x06, 0x00, 0xD1, 0xFE, 0x7C, 0x00, 0x00, 0x54, 0xFF, 0x95,
    0x00, 0x00, 0x71, 0xFF, 0x7C, 0x00, 0x00, 0x54, 0xFF, 0x37, 0x00, 0x00, 0x15, 0xFA, 0x7C, 0x00,
    0x00, 0x02, 0x5F, 0xC3, 0xF7, 0xEF, 0xB7, 0x2E, 0x00, 0x00, 0x00, 0x74, 0xFD, 0x9D, 0x0F, 0x12,
    0x9D, 0xDC, 0x01, 0x00, 0x00, 0x00, 0x81, 0xDC, 0x24, 0x00, 0x32, 0xFF, 0x12, 0x00, 0x00, 0x00,
    0xE2, 0x5E, 0x00, 0x00, 0x2C, 0xFF, 0x14, 0x00, 0x00, 0x00, 0xEC, 0x50, 0x00, 0x00, 0x2C, 0xFF,
    0x14, 0x00, 0x31, 0xCE, 0xFC, 0x50, 0x00, 0x00, 0x2C, 0xFF, 0x14, 0x00, 0x8B, 0x5B, 0xB2, 0x4A,
    0x00, 0x00, 0x2C, 0xFF, 0x14, 0x00, 0x38, 0xE6, 0xCB, 0x0D, 0x00, 0x00, 0x2C, 0xFF, 0x14, 0x00,
    0x0C, 0xCA, 0xED, 0x41, 0x00, 0x00, 0x30, 0xFF, 0x14, 0x00, 0x43, 0xA9, 0x6C, 0x98, 0x00, 0x00,
    0x30, 0xFF, 0x14, 0x00, 0x0F, 0xC7, 0xF5, 0x9C, 0x00, 0x00, 0x30, 0xFF, 0x14, 0x00, 0x00, 0x00,
    0xA4, 0x9C, 0x00, 0x00, 0x30, 0xFF, 0x14, 0x00, 0x00, 0x00, 0xA4, 0xAA, 0x01, 0x00, 0x30, 0xFF,
    0x14, 0x00, 0x0A, 0xBA, 0xFE, 0xF4, 0xD3, 0x48, 0x30, 0xFF, 0x14, 0x00, 0x3B, 0xBB, 0x66, 0x98,
    0x44, 0xDB, 0xC4, 0xFF, 0x14, 0x00, 0x0B, 0xC3, 0xE6, 0x3E, 0x00, 0x0D, 0xB5, 0xFF, 0x14, 0x00,
    0x00, 0x0C, 0xC3, 0xF2, 0x75, 0x00, 0x50, 0xF0, 0x00, 0x00, 0x00, 0x68, 0xEA, 0x70, 0xB7, 0x00,
    0x50, 0xF0, 0x00, 0x00, 0x00, 0x6E, 0xF4, 0x86, 0x18, 0x00, 0x50, 0xF0, 0x00, 0x00, 0x00, 0x0E,
    0xCA, 0xFF, 0xFF, 0x00, 0x50, 0xF0, 0x00, 0x00, 0x00, 0x00, 0x87, 0x6A, 0x00, 0x00, 0x50, 0xF0,
    0x00, 0x00, 0x00, 0x0E, 0xFE, 0x2D, 0x00, 0x00, 0x50, 0xF0, 0x00, 0x00, 0x00, 0x18, 0xFF, 0x2C,
    0x00, 0x01, 0x78, 0xEA, 0x00, 0x00, 0x00, 0x18, 0xFF, 0xFF, 0xFF, 0xFF, 0xF1, 0x6A, 0x00, 0x00,
    0x00, 0x00, 0x66, 0xE0, 0xF2, 0xA8, 0x48, 0x4D, 0x32, 0x00, 0x00, 0x4F, 0xEC, 0x2B, 0x1A, 0x6F,
    0xBD, 0xC8, 0x27, 0x00, 0x00, 0xB1, 0xF9, 0xC3, 0x89, 0x53, 0x0F, 0x00, 0x00, 0x00, 0x00, 0x00,
    0x17, 0x49, 0x7E, 0xB6, 0xF1, 0x5F, 0x00, 0x00, 0x00, 0x00, 0x00, 0x00, 0x00, 0x00, 0x8C, 0xB6,
    0x00, 0x00, 0x00, 0x00, 0x00, 0x00, 0x00, 0x00, 0x88, 0xB8, 0x00, 0x00, 0x00, 0x00, 0x00, 0x00,
    0x01, 0xA6, 0xEC, 0xB8, 0x00, 0x00, 0x00, 0x00, 0x00, 0x00, 0x24, 0xBF, 0x51, 0xB2, 0x00, 0x00,
    0x00, 0x00, 0x00, 0x00, 0x07, 0xC1, 0xF0, 0x51, 0x00, 0x00, 0x00, 0x05, 0x6E, 0xCC, 0xF9, 0xEA,
    0xA8, 0x1F, 0x00, 0x00, 0x00, 0xB3, 0xF1, 0x4D, 0x0D, 0x27, 0xC3, 0xB5, 0x00, 0x00, 0x00, 0x17,
    0xBA, 0xD3, 0x0C, 0x00, 0x6A, 0xDA, 0x00, 0x00, 0x00, 0x13, 0xF9, 0x3A, 0x00, 0x00, 0x64, 0xDC,
    0x00, 0x00, 0x00, 0x24, 0xFF, 0x20, 0x00, 0x00, 0x64, 0xDC, 0x00, 0x00, 0x00, 0x24, 0xFF, 0xD9,
    0x4D, 0x00, 0x64, 0xDC, 0x00, 0x00, 0x00, 0x20, 0xDA, 0x2C, 0xB1, 0x00, 0x64, 0xDC, 0x00, 0x00,
    0x00, 0x02, 0xB6, 0xF2, 0x5D, 0x00, 0x64, 0xDC, 0x00, 0x00, 0x00, 0x00, 0x00, 0x00, 0x00, 0x00,
    0x64, 0xDC, 0x00, 0x00, 0x00, 0x00, 0x00, 0x00, 0x00, 0x00, 0x64, 0xDC, 0x00, 0x00, 0x00, 0x00,
    0x00, 0x00, 0x00, 0x00, 0x64, 0xDC, 0x00, 0x00, 0x00, 0x01, 0x65, 0xD3, 0xF8, 0xDC, 0x83, 0x06,
    0x00, 0x00, 0x00, 0x85, 0xC4, 0x3D, 0x0A, 0x3F, 0xEA, 0x7F, 0x00, 0x00, 0x00, 0x66, 0x05, 0x00,
    0x00, 0x00, 0x81, 0xCC, 0x00, 0x00, 0x00, 0x00, 0x70, 0xEC, 0xAD, 0x08, 0x6C, 0xD8, 0x00, 0x00,
    0x00, 0x0D, 0xF8, 0x3D, 0xA3, 0x8E, 0x6C, 0xD8, 0x00, 0x00, 0x00, 0x30, 0xFF, 0x16, 0x1A, 0xF2,
    0x9A, 0xD8, 0x00, 0x00, 0x00, 0x31, 0xFF, 0xF1, 0x6E, 0x86, 0xF7, 0xD8, 0x00, 0x00, 0x00, 0x17,
    0xEA, 0x2E, 0xC8, 0x13, 0xFA, 0xD8, 0x00, 0x00, 0x00, 0x00, 0xA0, 0xF6, 0x71, 0x00, 0xAB, 0xD8,
    0x00, 0x00, 0x00, 0x04, 0x69, 0xC6, 0xF2, 0xE9, 0xAC, 0x21, 0x00, 0x00, 0x00, 0xA2, 0xF8, 0x5B,
    0x0F, 0x18, 0xA8, 0xCA, 0x00, 0x00, 0x00, 0x09, 0xA2, 0xE2, 0x15, 0x00, 0x48, 0xFD, 0x00, 0x00,
    0x00, 0x03, 0xF5, 0x5C, 0x00, 0x00, 0x44, 0xFF, 0x00, 0x00, 0x00, 0x08, 0xFF, 0x38, 0x00, 0x00,
    0x44, 0xFF, 0x00, 0x00, 0x40, 0xD0, 0xFF, 0x38, 0x00, 0x00, 0x44, 0xFF, 0x00, 0x00, 0xA2, 0x48,
    0xC8, 0x34, 0x00, 0x00, 0x44, 0xFF, 0x00, 0x00, 0x48, 0xEA, 0xC4, 0x08, 0x00, 0x00, 0x44, 0xFF,
    0x00, 0x00, 0x00, 0x00, 0x00, 0x00, 0x00, 0x00, 0x44, 0xFF, 0x00, 0x00, 0x00, 0x00, 0x00, 0x00,
    0x00, 0x00, 0x44, 0xFF, 0x00, 0x00, 0x00, 0x00, 0x00, 0x00, 0x00, 0x00, 0x44, 0xFF, 0x00, 0x00,
    0x00, 0x25, 0xA8, 0xE8, 0xFA, 0xE4, 0x95, 0x0E, 0x00, 0x00, 0x00, 0xA3, 0x5F, 0x19, 0x06, 0x32,
    0xD7, 0xAE, 0x00, 0x00, 0x00, 0x03, 0x00, 0x00, 0x00, 0x00, 0x67, 0xE3, 0x00, 0x00, 0x00, 0x00,
    0x00, 0x00, 0x00, 0x00, 0x60, 0xE4, 0x00, 0x00, 0x00, 0x00, 0x00, 0x00, 0x00, 0x00, 0x60, 0xE4,
    0x00, 0x00, 0x00, 0x00, 0x00, 0x00, 0x00, 0x85, 0xE2, 0xE4, 0x00, 0x00, 0x00, 0x00, 0x00, 0x00,
    0x00, 0xD9, 0x22, 0xE0, 0x00, 0x00, 0x00, 0x00, 0x00, 0x00, 0x00, 0x97, 0xF5, 0x7D, 0x00, 0x00,
    0x00, 0x00, 0x00, 0x00, 0x00, 0x1B, 0x6F, 0xEF, 0x7A, 0x00, 0x00, 0x00, 0x67, 0xCA, 0xF0, 0xFF,
    0xEB, 0x52, 0x00, 0x00, 0x00, 0x70, 0xFF, 0xBB, 0x88, 0xAA, 0xFE, 0x92, 0x00, 0x00, 0x00, 0xD0,
    0x8C, 0x10, 0x6E, 0x43, 0x83, 0xED, 0x00, 0x00, 0x00, 0xE7, 0x53, 0xBF, 0x82, 0xE3, 0x59, 0xFC,
    0x00, 0x00, 0x00, 0xC5, 0xA9, 0xF4, 0xF9, 0xB8, 0x4C, 0xFC, 0x00, 0x00, 0x00, 0x84, 0xFC, 0x6A,
    0x00, 0x00, 0x48, 0xFC, 0x00, 0x00, 0x00, 0x58, 0xFF, 0x36, 0x00, 0x00, 0x48, 0xFC, 0x00, 0x00,
    0x00, 0x43, 0xFF, 0x1B, 0x00, 0x00, 0x48, 0xFC, 0x00, 0x00, 0x00, 0x37, 0xFF, 0x11, 0x00, 0x00,
    0x48, 0xFC, 0x00, 0x00, 0x55, 0xF2, 0xC1, 0x07, 0x00, 0x00, 0x58, 0xEC, 0x00, 0x00, 0x99, 0xFF,
    0xFF, 0x34, 0x00, 0x00, 0x58, 0xEC, 0x00, 0x00, 0x14, 0x7A, 0xFF, 0x5A, 0xDF, 0xE3, 0x7A, 0xEC,
    0x07, 0x1A, 0x00, 0x0C, 0xFF, 0x91, 0x92, 0x98, 0x98, 0xED, 0x98, 0x5E, 0x00, 0x0C, 0xFF, 0x41,
    0x95, 0xE5, 0xFD, 0xFF, 0xBD, 0x10, 0x00, 0x0C, 0xFF, 0x38, 0x00, 0x00, 0x58, 0xED, 0x00, 0x00,
    0x00, 0x0C, 0xFF, 0x38, 0x00, 0x00, 0x6A, 0xEB, 0x00, 0x00, 0x00, 0xC4, 0xFF, 0xFF, 0xFF, 0xFF,
    0xFD, 0x9A, 0x00, 0x00, 0x00, 0x09, 0x81, 0xDA, 0xFA, 0xFF, 0xFF, 0xF6, 0x6B, 0x00, 0x00, 0x8F,
    0xBC, 0x38, 0x09, 0x3C, 0xE2, 0x41, 0x00, 0x00, 0x00, 0x55, 0x03, 0x00, 0x00, 0x00, 0x8A, 0x95,
    0x00, 0x00, 0x00, 0x00, 0x75, 0xF0, 0xAF, 0x06, 0x74, 0xCC, 0x00, 0x00, 0x00, 0x0A, 0xF4, 0x34,
    0xA7, 0x87, 0x74, 0xD0, 0x00, 0x00, 0x00, 0x2E, 0xFF, 0x0E, 0x1D, 0xF1, 0x91, 0xD0, 0x00, 0x00,
    0x00, 0x38, 0xFF, 0xED, 0x5F, 0x8D, 0xF3, 0xD0, 0x00, 0x00, 0x00, 0x1D, 0xE4, 0x31, 0xC1, 0x19,
    0xFC, 0xD0, 0x00, 0x00, 0x00, 0x00, 0x9C, 0xF6, 0x6F, 0x00, 0xB3, 0xD0, 0x00, 0x00, 0x00, 0x00,
    0x00, 0x00, 0x00, 0x6B, 0xF3, 0xAF, 0x01, 0x00, 0x50, 0xEF, 0xC5, 0x0A, 0x00, 0xC9, 0x23, 0xCF,
    0x15, 0x00, 0x87, 0x8A, 0xD6, 0x42, 0x00, 0xA4, 0x95, 0xA5, 0x01, 0x00, 0x11, 0x73, 0xFD, 0x48,
    0x68, 0xF0, 0xCB, 0xE4, 0x01, 0x00, 0x00, 0x00, 0xFC, 0x5A, 0xF0, 0x3F, 0x38, 0xFF, 0x0B, 0x00,
    0x00, 0x00, 0xFC, 0xC6, 0xA2, 0x00, 0x34, 0xFF, 0x0C, 0x00, 0x00, 0x00, 0xFC, 0xFF, 0x28, 0x00,
    0x34, 0xFF, 0x0C, 0x00, 0x00, 0x00, 0xFC, 0xC8, 0x00, 0x00, 0x34, 0xFF, 0x0C, 0x00, 0x00, 0x00,
    0xFC, 0x6D, 0x00, 0x00, 0x34, 0xFF, 0x0C, 0x00, 0x00, 0x00, 0x00, 0x00, 0x00, 0x00, 0x1F, 0xD2,
    0xE9, 0x2E, 0x68, 0x00, 0x00, 0x00, 0x00, 0x00, 0x00, 0x00, 0x60, 0xAA, 0x7C, 0xCC, 0xCA, 0x00,
    0x00, 0xB3, 0xF5, 0x74, 0x00, 0x14, 0x18, 0xD4, 0xFF, 0xF7, 0x47, 0x00, 0x03, 0xD5, 0x7B, 0xD1,
    0x00, 0x8C, 0x4C, 0x00, 0xB8, 0x89, 0x00, 0x00, 0x00, 0x39, 0xB2, 0xD4, 0x0A, 0xED, 0xCA, 0x00,
    0xB8, 0x88, 0x00, 0x00, 0x00, 0x00, 0x6C, 0xD4, 0x66, 0xC6, 0xDD, 0x49, 0xB8, 0x88, 0x00, 0x00,
    0x00, 0x00, 0x6C, 0xD4, 0xD1, 0x5E, 0x6B, 0xC7, 0xB8, 0x88, 0x00, 0x00, 0x00, 0x00, 0x6C, 0xFA,
    0xEB, 0x08, 0x09, 0xEB, 0xEE, 0x88, 0x00, 0x00, 0x00, 0x00, 0x6C, 0xFF, 0x88, 0x00, 0x00, 0x7E,
    0xFF, 0x88, 0x00, 0x00, 0x00, 0x00, 0x6C, 0xFD, 0x20, 0x00, 0x00, 0x12, 0xF4, 0x88, 0x00, 0x00,
    0x00, 0x12, 0x93, 0xDE, 0xFA, 0xE9, 0x9F, 0x13, 0x00, 0x00, 0x00, 0x67, 0x7C, 0x26, 0x07, 0x2F,
    0xD4, 0xAC, 0x00, 0x00, 0x00, 0x01, 0xA1, 0xF4, 0x6A, 0x00, 0x5E, 0xEB, 0x00, 0x00, 0x00, 0x11,
    0xE7, 0x31, 0xC8, 0x00, 0x54, 0xF0, 0x00, 0x00, 0x00, 0x18, 0xFF, 0xFF, 0x8F, 0x00, 0x54, 0xF0,
    0x00, 0x00, 0x00, 0x18, 0xFF, 0x4C, 0x01, 0x00, 0x54, 0xF0, 0x00, 0x00, 0x00, 0x18, 0xFF, 0x2C,
    0x00, 0x01, 0x7B, 0xE7, 0x00, 0x00, 0x00, 0xB4, 0xFF, 0xFF, 0xFF, 0xFF, 0xF2, 0x71, 0x00, 0x00,
    0x00, 0x00, 0x00, 0x00, 0x00, 0x00, 0x00, 0x4F, 0x34, 0x00, 0x00, 0x26, 0xB6, 0xF1, 0xFE, 0xF4,
    0xD0, 0xD5, 0x1E, 0x00, 0x00, 0x3D, 0xD7, 0xF9, 0xFC, 0xDC, 0xD4, 0xBB, 0x00, 0x00, 0x00, 0x00,
    0x00, 0x00, 0x00, 0x00, 0x68, 0xDB, 0x00, 0x00, 0x00, 0x04, 0xB8, 0xEC, 0x51, 0x00, 0x68, 0xDC,
    0x00, 0x00, 0x00, 0x2B, 0xD7, 0x41, 0xAB, 0x00, 0x68, 0xDC, 0x00, 0x00, 0x00, 0x30, 0xFF, 0xEF,
    0x4F, 0x00, 0x68, 0xDC, 0x00, 0x00, 0x00, 0x30, 0xFF, 0x10, 0x00, 0x03, 0x8E, 0xD3, 0x00, 0x00,
    0x00, 0xB0, 0xFF, 0xFF, 0xFF, 0xFF, 0xED, 0x5C, 0x00, 0x00, 0x00, 0x32, 0xE8, 0xDD, 0x24, 0x01,
    0xCE, 0x9C, 0x00, 0x00, 0x00, 0x5C, 0xC9, 0xD5, 0x74, 0xAE, 0xEC, 0x9C, 0x00, 0x00, 0x00, 0x01,
    0x5C, 0x95, 0x9B, 0x4A, 0xA8, 0x9C, 0x00, 0x00, 0x00, 0x00, 0x00, 0x00, 0x00, 0x00, 0xA8, 0x9C,
    0x00, 0x00, 0x00, 0x00, 0x00, 0x00, 0x00, 0x00, 0xA8, 0x9C, 0x00, 0x00, 0x00, 0x00, 0x00, 0x00,
    0x00, 0x00, 0xA8, 0x9C, 0x00, 0x00, 0x00, 0x00, 0x00, 0x00, 0x00, 0x00, 0xBF, 0x96, 0x00, 0x00,
    0x00, 0x00, 0x00, 0x00, 0x00, 0x1A, 0xD3, 0x3D, 0x00, 0x00, 0x00, 0x0D, 0xD1, 0xE6, 0x26, 0x00,
    0x87, 0x6E, 0x00, 0x00, 0x00, 0x2F, 0xA7, 0x80, 0x46, 0x3A, 0xEB, 0x44, 0x00, 0x00, 0x00, 0x02,
    0x8C, 0xEB, 0xF7, 0xD0, 0x5A, 0x00, 0x00, 0x00, 0x00, 0x00, 0x00, 0x00, 0x00, 0x00, 0x00, 0x00,
    0x00, 0x00, 0x00, 0x0C, 0xCF, 0xE5, 0x26, 0x00, 0x21, 0x1F, 0x00, 0x00, 0x00, 0x2F, 0xA0, 0x78,
    0x45, 0x28, 0xD6, 0x68, 0x00, 0x00, 0x00, 0x02, 0x6B, 0xB9, 0xF8, 0xD9, 0x7B, 0x04, 0x00, 0x00,
    0x00, 0x00, 0x00, 0x00, 0x00, 0x00, 0x00, 0x00, 0x00, 0x00, 0x00, 0x00, 0x00, 0x00, 0x00, 0x00,
    0x07, 0x4C, 0xEF, 0xC6, 0x0B, 0x00, 0x0F, 0x78, 0x98, 0xFF, 0xF6, 0x1E, 0x3A, 0xCA, 0x73, 0x1E,
    0xBA, 0xF5, 0xFA, 0xCD, 0x5B, 0x00, 0x00, 0x00, 0x00, 0x00, 0x00, 0x00, 0x00, 0x00, 0x00, 0x00,
    0x00, 0x00, 0x00, 0x00, 0x00, 0x00, 0x00, 0x00, 0x00, 0x00, 0x00, 0x00, 0x00, 0x00, 0x00, 0x00,
    0x00, 0x00, 0x00, 0x00, 0x00, 0x00, 0x00, 0x00, 0x00, 0x00, 0x00, 0x00, 0x00, 0x00, 0x00, 0x00,
    0x00, 0x00, 0x00, 0x00, 0x00, 0x00, 0x00, 0x00, 0x00, 0x00, 0x00, 0x00, 0x00, 0x00, 0x00, 0x00,
    0x00, 0x00, 0x00, 0x00, 0x00, 0x00, 0x00, 0x00, 0x00, 0x00, 0x00, 0x00, 0x00, 0x25, 0xA8, 0xE8,
    0xFA, 0xE4, 0x94, 0x0D, 0x00, 0x00, 0x00, 0xA3, 0x5F, 0x19, 0x06, 0x35, 0xDC, 0xAC, 0x00, 0x00,
    0x00, 0x03, 0x00, 0x00, 0x00, 0x00, 0x69, 0xE2, 0x00, 0x00, 0x00, 0x00, 0x00, 0x00, 0x00, 0x00,
    0x60, 0xE4, 0x00, 0x00, 0x00, 0x00, 0x00, 0x00, 0x00, 0x00, 0x60, 0xE4, 0x00, 0x00, 0x00, 0x00,
    0x00, 0x00, 0x00, 0x00, 0x60, 0xE4, 0x00, 0x00, 0x00, 0x00, 0x00, 0x00, 0x00, 0x00, 0x60, 0xE4,
    0x00, 0x00, 0x00, 0x00, 0x00, 0x00, 0x00, 0x00, 0x60, 0xE4, 0x00, 0x00, 0x76, 0xF4, 0xAD, 0x02,
    0x00, 0x00, 0x00, 0x00, 0x00, 0x00, 0x00, 0x00, 0x00, 0x00, 0xD6, 0x2C, 0xCB, 0x16, 0x00, 0x00,
    0x00, 0x00, 0x00, 0x00, 0x00, 0x00, 0x00, 0x00, 0x72, 0xF4, 0xAA, 0x00, 0x00, 0x00, 0x00, 0x00,
    0x00, 0x00, 0x00, 0x00, 0x00, 0x00, 0x00, 0x00, 0x00, 0x00, 0x00, 0x00, 0x00, 0x00, 0x00, 0x00,
    0x00, 0x00, 0x00, 0x00, 0x00, 0x00, 0x00, 0x00, 0x00, 0x00, 0x00, 0x00, 0x00, 0x00, 0x00, 0x00,
    0x00, 0x00, 0x00, 0x00, 0x00, 0x00, 0x00, 0x25, 0xA8, 0xE8, 0xFA, 0xE4, 0x94, 0x0D, 0x00, 0x00,
    0x00, 0x00, 0x00, 0x00, 0x00, 0xA3, 0x5F, 0x19, 0x06, 0x35, 0xDC, 0xAC, 0x00, 0x00, 0x00, 0x00,
    0x00, 0x00, 0x00, 0x03, 0x00, 0x00, 0x00, 0x00, 0x69, 0xE2, 0x00, 0x00, 0x00, 0x00, 0x00, 0x00,
    0x00, 0x00, 0x00, 0x00, 0x00, 0x00, 0x60, 0xE4, 0x00, 0x00, 0x00, 0x00, 0x00, 0x00, 0x00, 0x00,
    0x00, 0x00, 0x00, 0x00, 0x60, 0xE4, 0x00, 0x00, 0x00, 0x00, 0x00, 0x00, 0x00, 0x00, 0x00, 0x00,
    0x00, 0x00, 0x60, 0xE4, 0x00, 0x00, 0x00, 0x00, 0x00, 0x00, 0x00, 0x00, 0x00, 0x00, 0x00, 0x00,
    0x60, 0xE4, 0x00, 0x00, 0x00, 0x00, 0x00, 0x00, 0x00, 0x00, 0x00, 0x00, 0x00, 0x00, 0x60, 0xE4,
    0x00, 0x00, 0x00, 0x2D, 0xBF, 0xF7, 0xE4, 0x83, 0x05, 0x00, 0x00, 0x07, 0xE3, 0x74, 0x0C, 0x1D,
    0x9C, 0xA0, 0x00, 0x00, 0x3A, 0xEE, 0xE9, 0xF9, 0xFC, 0xF2, 0xFF, 0x3A, 0x00, 0x00, 0x00, 0x00,
    0x00, 0x00, 0x00, 0x00, 0x00, 0x00, 0x00, 0x00, 0x00, 0x00, 0x00, 0x00, 0x00, 0x00, 0x00, 0x00,
    0x00, 0x00, 0x00, 0x00, 0x00, 0x00, 0x00, 0x00, 0x00, 0x00, 0x00, 0x00, 0x00, 0x00, 0x00, 0x00,
    0x00, 0x00, 0x00, 0x00, 0x00, 0x00, 0x00, 0x00, 0x00, 0x00, 0x00, 0x00, 0x00, 0x00, 0x00, 0x00,
    0x00, 0x00, 0x00, 0x00, 0x00, 0x00, 0x00, 0x00, 0x00, 0x00, 0x00, 0x00, 0x00, 0x00, 0x00, 0x00,
    0x00, 0x00, 0x00, 0x00, 0x00, 0x00, 0x00, 0x00, 0x00, 0x00, 0x00, 0x00, 0x00, 0x00, 0x00, 0x00,
    0x00, 0x00, 0x00, 0x00, 0x00, 0x00, 0x00, 0x00, 0x0D, 0xA6, 0xF4, 0xE9, 0x80, 0xD4, 0x68, 0x00,
    0x00, 0x9F, 0xAB, 0x19, 0x0E, 0x66, 0xF9, 0x68, 0x00, 0x02, 0xE5, 0xEC, 0xF8, 0xFF, 0xFC, 0xFC,
    0x7D, 0x00, 0x00, 0x00, 0x00, 0x00, 0x00, 0x00, 0x00, 0x00, 0x00, 0x00, 0x00, 0x00, 0x00, 0x00,
    0x00, 0x00, 0x00, 0x00, 0x00, 0x00, 0x00, 0x00, 0x00, 0x00, 0x00, 0x00, 0x00, 0x00, 0x00, 0x00,
    0x00, 0x00, 0x00, 0x00, 0x00, 0x00, 0x00, 0x00, 0x00, 0x00, 0x00, 0x00, 0x00, 0x00, 0x00, 0x00,
    0x00, 0x00, 0x00, 0x00, 0x00, 0x00, 0x00, 0x00, 0x00, 0x00, 0x00, 0x00, 0x00, 0x00, 0x00, 0x00,
    0x00, 0x00, 0x00, 0x00, 0x00, 0x00, 0x00, 0x00, 0x00, 0x00, 0x00, 0x00, 0x00, 0x00, 0x00, 0x00,
    0x00, 0x00, 0x00, 0x00, 0x00, 0x00, 0x00, 0x00, 0x00, 0x00, 0x00, 0x00, 0x00, 0x00, 0x00, 0x00,
    0x0E, 0xD2, 0xDA, 0x21, 0x00, 0x00, 0x1A, 0xB2, 0xF5, 0xD6, 0x95, 0x7E, 0x5C, 0x00, 0x01, 0xCB,
    0x84, 0x0E, 0x17, 0x88, 0xE9, 0x0D, 0x00, 0x2A, 0xEE, 0xED, 0xF9, 0xFE, 0xF2, 0xFF, 0x58, 0x00,
    0x00, 0x00, 0x00, 0x00, 0x00, 0x00, 0x00, 0x00, 0x00, 0x00, 0x00, 0x00, 0x00, 0x00, 0x00, 0x00,
    0x00, 0x00, 0x00, 0x00, 0x00, 0x00, 0x00, 0x00, 0x00, 0x00, 0x00, 0x00, 0x00, 0x00, 0x00, 0x00,
    0x00, 0x00, 0x00, 0x00, 0x00, 0x00, 0x00, 0x00, 0x00, 0x00, 0x00, 0x00, 0x00, 0x00, 0x00, 0x00,
    0x00, 0x00, 0x00, 0x00, 0x00, 0x00, 0x00, 0x00, 0x00, 0x00, 0x00, 0x00, 0x00, 0x00, 0x00, 0x00,
    0x00, 0x00, 0x00, 0x00, 0x00, 0x00, 0x00, 0x00, 0x00, 0x00, 0x00, 0x00, 0x00, 0x00, 0x00, 0x00,
    0x00, 0x00, 0x00, 0x00, 0x00, 0x00, 0x00, 0x00, 0x00, 0x00, 0x00, 0x15, 0xBA, 0xF0, 0xFC, 0x61,
    0xC0, 0x74, 0x00, 0x00, 0xC8, 0x90, 0x11, 0x13, 0x7C, 0xFB, 0x74, 0x00, 0x22, 0xF1, 0xF0, 0xFA,
    0xFF, 0xF4, 0xFE, 0x79, 0x00, 0x00, 0x00, 0x00, 0x00, 0x00, 0x00, 0x00, 0x00, 0x00, 0x00, 0x00,
    0x00, 0x00, 0x00, 0x00, 0x00, 0x00, 0x00, 0x00, 0x00, 0x00, 0x00, 0x00, 0x00, 0x00, 0x00, 0x00,
    0x00, 0x00, 0x00, 0x00, 0x00, 0x00, 0x00, 0x00, 0x00, 0x00, 0x00, 0x00, 0x00, 0x00, 0x00, 0x00,
    0x00, 0x00, 0x00, 0x00, 0x00, 0x00, 0x00, 0x00, 0x00, 0x00, 0x00, 0x00, 0x00, 0x00, 0x00, 0x00,
    0x00, 0x00, 0x00, 0x00, 0x00, 0x00, 0x00, 0x00, 0x00, 0x00, 0x00, 0x00, 0x00, 0x00, 0x00, 0x00,
    0x00, 0x00, 0x00, 0x00, 0x00, 0x00, 0x00, 0x00, 0x00, 0x00, 0x00, 0x00, 0x00, 0x00, 0x00, 0x00,
    0x00, 0x00, 0x00, 0x00, 0x18, 0xDF, 0xDB, 0x1B, 0x00, 0x56, 0x84, 0xA0, 0x5C, 0x00, 0x1F, 0xE2,
    0xF7, 0x60, 0x00, 0x00, 0x00, 0xDC, 0x60, 0x00, 0x00, 0x00, 0x00, 0x00, 0x00, 0x00, 0x00, 0x4C,
    0xF1, 0xAC, 0x00, 0xDC, 0x54, 0x00, 0xA8, 0x44, 0xE0, 0x09, 0xDC, 0x54, 0x00, 0x56, 0xF7, 0xFF,
    0x10, 0xDF, 0x54, 0x00, 0x00, 0x18, 0xF6, 0xFF, 0xFD, 0x3D, 0x00, 0x00, 0x00, 0x00, 0x00, 0x25,
    0xEF, 0x3F, 0x00, 0x23, 0xF1, 0x48, 0x00, 0x00, 0xFF, 0xFF, 0xFF, 0xFF, 0xFF, 0xFF, 0x00, 0x00,
    0xFF, 0x00, 0x00, 0x00, 0x00, 0xFF, 0x00, 0x00, 0xFF, 0x00, 0x00, 0x00, 0x00, 0xFF, 0x00, 0x00,
    0xFF, 0x00, 0x00, 0x00, 0x00, 0xFF, 0x00, 0x00, 0xFF, 0x00, 0x00, 0x00, 0x00, 0xFF, 0x00, 0x00,
    0xFF, 0x00, 0x00, 0x00, 0x00, 0xFF, 0x00, 0x00, 0xFF, 0x00, 0x00, 0x00, 0x00, 0xFF, 0x00, 0x00,
    0xFF, 0x00, 0x00, 0x00, 0x00, 0xFF, 0x00, 0x00, 0xFF, 0x00, 0x00, 0x00, 0x00, 0xFF, 0x00, 0x00,
    0xFF, 0x00, 0x00, 0x00, 0x00, 0xFF, 0x00, 0x00, 0xFF, 0x00, 0x00, 0x00, 0x00, 0xFF, 0x00, 0x00,
    0xFF, 0x00, 0x00, 0x00, 0x00, 0xFF, 0x00, 0x00, 0xFF, 0x00, 0x00, 0x00, 0x00, 0xFF, 0x00, 0x00,
    0xFF, 0x00, 0x00, 0x00, 0x00, 0xFF, 0x00, 0x00, 0xFF, 0x00, 0x00, 0x00, 0x00, 0xFF, 0x00, 0x00,
    0xFF, 0x00, 0x00, 0x00, 0x00, 0xFF, 0x00, 0x00, 0xFF, 0xFF, 0xFF, 0xFF, 0xFF, 0xFF, 0x00, 0x00,
    0xFF, 0xFF, 0xFF, 0xFF, 0xFF, 0xFF, 0x00, 0x00, 0xFF, 0x00, 0x00, 0x00, 0x00, 0xFF, 0x00, 0x00,
    0xFF, 0x00, 0x00, 0x00, 0x00, 0xFF, 0x00, 0x00, 0xFF, 0x00, 0x00, 0x00, 0x00, 0xFF, 0x00, 0x00,
    0xFF, 0x00, 0x00, 0x00, 0x00, 0xFF, 0x00, 0x00, 0xFF, 0x00, 0x00, 0x00, 0x00, 0xFF, 0x00, 0x00,
    0xFF, 0x00, 0x00, 0x00, 0x00, 0xFF, 0x00, 0x00, 0xFF, 0x00, 0x00, 0x00, 0x00, 0xFF, 0x00, 0x00,
    0xFF, 0x00, 0x00, 0x00, 0x00, 0xFF, 0x00, 0x00, 0xFF, 0x00, 0x00, 0x00, 0x00, 0xFF, 0x00, 0x00,
    0xFF, 0x00, 0x00, 0x00, 0x00, 0xFF, 0x00, 0x00, 0xFF, 0x00, 0x00, 0x00, 0x00, 0xFF, 0x00, 0x00,
    0xFF, 0x00, 0x00, 0x00, 0x00, 0xFF, 0x00, 0x00, 0xFF, 0x00, 0x00, 0x00, 0x00, 0xFF, 0x00, 0x00,
    0xFF, 0x00, 0x00, 0x00, 0x00, 0xFF, 0x00, 0x00, 0xFF, 0x00, 0x00, 0x00, 0x00, 0xFF, 0x00, 0x00,
    0xFF, 0xFF, 0xFF, 0xFF, 0xFF, 0xFF, 0x00, 0x00, 0xFF, 0xFF, 0xFF, 0xFF, 0xFF, 0xFF, 0x00, 0x00,
    0xFF, 0x00, 0x00, 0x00, 0x00, 0xFF, 0x00, 0x00, 0xFF, 0x00, 0x00, 0x00, 0x00, 0xFF, 0x00, 0x00,
    0xFF, 0x00, 0x00, 0x00, 0x00, 0xFF, 0x00, 0x00, 0xFF, 0x00, 0x00, 0x00, 0x00, 0xFF, 0x00, 0x00,
    0xFF, 0x00, 0x00, 0x00, 0x00, 0xFF, 0x00, 0x00, 0xFF, 0x00, 0x00, 0x00, 0x00, 0xFF, 0x00, 0x00,
    0xFF, 0x00, 0x00, 0x00, 0x00, 0xFF, 0x00, 0x00, 0xFF, 0x00, 0x00, 0x00, 0x00, 0xFF, 0x00, 0x00,
    0xFF, 0x00, 0x00, 0x00, 0x00, 0xFF, 0x00, 0x00, 0xFF, 0x00, 0x00, 0x00, 0x00, 0xFF, 0x00, 0x00,
    0xFF, 0x00, 0x00, 0x00, 0x00, 0xFF, 0x00, 0x00, 0xFF, 0x00, 0x00, 0x00, 0x00, 0xFF, 0x00, 0x00,
    0xFF, 0x00, 0x00, 0x00, 0x00, 0xFF, 0x00, 0x00, 0xFF, 0x00, 0x00, 0x00, 0x00, 0xFF, 0x00, 0x00,
    0xFF, 0x00, 0x00, 0x00, 0x00, 0xFF, 0x00, 0x00, 0xFF, 0xFF, 0xFF, 0xFF, 0xFF, 0xFF, 0x00, 0x00,
    0xFF, 0xFF, 0xFF, 0xFF, 0xFF, 0xFF, 0x00, 0x00, 0xFF, 0x00, 0x00, 0x00, 0x00, 0xFF, 0x00, 0x00,
    0xFF, 0x00, 0x00, 0x00, 0x00, 0xFF, 0x00, 0x00, 0xFF, 0x00, 0x00, 0x00, 0x00, 0xFF, 0x00, 0x00,
    0xFF, 0x00, 0x00, 0x00, 0x00, 0xFF, 0x00, 0x00, 0xFF, 0x00, 0x00, 0x00, 0x00, 0xFF, 0x00, 0x00,
    0xFF, 0x00, 0x00, 0x00, 0x00, 0xFF, 0x00, 0x00, 0xFF, 0x00, 0x00, 0x00, 0x00, 0xFF, 0x00, 0x00,
    0xFF, 0x00, 0x00, 0x00, 0x00, 0xFF, 0x00, 0x00, 0xFF, 0x00, 0x00, 0x00, 0x00, 0xFF, 0x00, 0x00,
    0xFF, 0x00, 0x00, 0x00, 0x00, 0xFF, 0x00, 0x00, 0xFF, 0x00, 0x00, 0x00, 0x00, 0xFF, 0x00, 0x00,
    0xFF, 0x00, 0x00, 0x00, 0x00, 0xFF, 0x00, 0x00, 0xFF, 0x00, 0x00, 0x00, 0x00, 0xFF, 0x00, 0x00,
    0xFF, 0x00, 0x00, 0x00, 0x00, 0xFF, 0x00, 0x00, 0xFF, 0x00, 0x00, 0x00, 0x00, 0xFF, 0x00, 0x00,
    0xFF, 0xFF, 0xFF, 0xFF, 0xFF, 0xFF, 0x00, 0x00, 0x00, 0x00, 0x08, 0xFF, 0x1C, 0x00, 0x00, 0x00,
    0x00, 0x00, 0x00, 0x00, 0x08, 0xFF, 0x1C, 0x00, 0x00, 0x00, 0x00, 0x18, 0xFF, 0xFF, 0xFF, 0xFF,
    0xFC, 0xDE, 0x7E, 0x01, 0x00, 0x18, 0xFF, 0x44, 0x08, 0xFF, 0x22, 0x43, 0xF7, 0x5E, 0x00, 0x18,
    0xFF, 0x44, 0x08, 0xFF, 0x1C, 0x00, 0xD1, 0x88, 0x00, 0x18, 0xFF, 0x44, 0x08, 0xFF, 0x23, 0x4B,
    0xF9, 0x5B, 0x00, 0x18, 0xFF, 0xFF, 0xFF, 0xFF, 0xFF, 0xFF, 0x81, 0x00, 0x00, 0x18, 0xFF, 0x44,
    0x08, 0xFF, 0x27, 0x4D, 0xE5, 0x50, 0x00, 0x18, 0xFF, 0x44, 0x08, 0xFF, 0x1C, 0x00, 0x8D, 0xD5,
    0x00, 0x18, 0xFF, 0x44, 0x08, 0xFF, 0x1C, 0x00, 0x97, 0xD6, 0x00, 0x18, 0xFF, 0x44, 0x08, 0xFF,
    0x20, 0x42, 0xF2, 0x8A, 0x00, 0x18, 0xFF, 0xFF, 0xFF, 0xFF, 0xFE, 0xE9, 0x9B, 0x0B, 0x00, 0x00,
    0x00, 0x00, 0x08, 0xFF, 0x1C, 0x00, 0x00, 0x00, 0x00, 0x00, 0x00, 0x00, 0x08, 0xFF, 0x1C, 0x00,
    0x00, 0x00, 0x00, 0x00, 0x00, 0x00, 0x78, 0xCC, 0x00, 0x00, 0x00, 0x00, 0x00, 0x00, 0x00, 0x00,
    0x78, 0xCC, 0x00, 0x00, 0x00, 0x00, 0x00, 0x00, 0x00, 0x00, 0x78, 0xCC, 0x00, 0x00, 0x00, 0x00,
    0x00, 0x00, 0x00, 0x00, 0x78, 0xCC, 0x00, 0x00, 0x00, 0x00, 0x00, 0x00, 0x00, 0x00, 0x78, 0xCC,
    0x00, 0x00, 0x00, 0x00, 0x00, 0x00, 0x00, 0x00, 0x78, 0xF8, 0xC3, 0x1C, 0x00, 0x00, 0x00, 0x00,
    0x00, 0x00, 0x74, 0x8F, 0x7A, 0x67, 0x00, 0x00, 0x00, 0x00, 0x00, 0x00, 0x25, 0xDE, 0xDF, 0x28,
    0x00, 0x00, 0x00, 0x00, 0x48, 0xFC, 0x00, 0x00, 0x48, 0xF8, 0x00, 0x00, 0x00, 0x00, 0x48, 0xFC,
    0x00, 0x00, 0x48, 0xF8, 0x00, 0x00, 0x00, 0x00, 0x48, 0xFC, 0x00, 0x00, 0x48, 0xF8, 0x00, 0x00,
    0x00, 0x00, 0x48, 0xFC, 0x00, 0x00, 0x48, 0xF8, 0x00, 0x00, 0x00, 0x00, 0x48, 0xFC, 0x00, 0x00,
    0x48, 0xF8, 0x00, 0x00, 0x00, 0x00, 0x48, 0xFE, 0xD1, 0x36, 0x48, 0xFE, 0xD4, 0x3A, 0x00, 0x00,
    0x44, 0xBD, 0x4C, 0x94, 0x44, 0xB6, 0x50, 0x95, 0x00, 0x00, 0x0C, 0xC8, 0xEC, 0x47, 0x0D, 0xCD,
    0xEB, 0x42, 0x00, 0x00, 0x18, 0xB7, 0xF6, 0xFF, 0xFF, 0xFF, 0xDD, 0x00, 0x00, 0x00, 0xC6, 0xC4,
    0x19, 0x00, 0x00, 0x00, 0x00, 0x00, 0x00, 0x04, 0x3C, 0x57, 0x9F, 0xA0, 0x09, 0x00, 0x00, 0x00,
    0x00, 0x00, 0x00, 0x00, 0x02, 0xF7, 0x47, 0x00, 0x00, 0x00, 0x00, 0x00, 0x00, 0x00, 0x00, 0xF4,
    0x4C, 0x00, 0x00, 0x00, 0x00, 0x00, 0x00, 0x00, 0x00, 0xF4, 0x4C, 0x00, 0x00, 0x00, 0x00, 0x00,
    0x00, 0x00, 0x00, 0xF4, 0x4C, 0x00, 0x00, 0x00, 0x00, 0x00, 0x00, 0x00, 0x00, 0xF4, 0x4C, 0x00,
    0x00, 0x00, 0x00, 0x00, 0x00, 0x00, 0x00, 0xF4, 0x4C, 0x00, 0x00, 0x00, 0x00, 0x00, 0x00, 0x00,
    0x00, 0xF4, 0x4C, 0x00, 0x00, 0x00, 0x00, 0x00, 0x00, 0x00, 0x00, 0xF4, 0x4C, 0x00, 0x00, 0x00,
    0x00, 0x00, 0x00, 0x00, 0x00, 0xF4, 0xE2, 0x7A, 0x00, 0x00, 0x00, 0x00, 0x00, 0x00, 0x00, 0xEC,
    0x1B, 0xDA, 0x00, 0x00, 0x00, 0x00, 0x00, 0x00, 0x00, 0x83, 0xF4, 0x8A, 0x00, 0x00, 0x00, 0x00,
    0x40, 0xC3, 0xF3, 0xED, 0x9C, 0x0A, 0x00, 0x00, 0x00, 0x0C, 0xF1, 0xD3, 0x32, 0x2C, 0xDE, 0x83,
    0x00, 0x00, 0x00, 0x27, 0xCA, 0x4B, 0x95, 0x00, 0x92, 0x99, 0x00, 0x00, 0x00, 0x02, 0xBF, 0xEF,
    0x4A, 0x06, 0xDF, 0x4E, 0x00, 0x00, 0x00, 0x00, 0x00, 0x00, 0x00, 0x43, 0xFB, 0x04, 0x00, 0x00,
    0x00, 0x00, 0x00, 0x00, 0x00, 0x4C, 0xF8, 0x00, 0x00, 0x00, 0x00, 0x00, 0x00, 0x00, 0x00, 0x4C,
    0xF8, 0x00, 0x00, 0x00, 0x00, 0x00, 0x00, 0x00, 0x00, 0x4C, 0xF8, 0x00, 0x00, 0x00, 0x00, 0x00,
    0x00, 0x00, 0x00, 0x4C, 0xF8, 0x00, 0x00, 0x00, 0x00, 0x00, 0x00, 0x00, 0x00, 0x4C, 0xF8, 0x00,
    0x00, 0x00, 0x00, 0x00, 0x00, 0x00, 0x00, 0x4C, 0xF8, 0x00, 0x00, 0x00, 0x00, 0x00, 0x00, 0x00,
    0x00, 0x4C, 0xFE, 0xD4, 0x3A, 0x00, 0x00, 0x00, 0x00, 0x00, 0x00, 0x47, 0xB6, 0x4F, 0x94, 0x00,
    0x00, 0x00, 0x00, 0x00, 0x00, 0x0B, 0xC1, 0xEE, 0x48, 0x00, 0x00, 0x00, 0x00, 0x00, 0x00, 0x06,
    0x19, 0x00, 0x00, 0x00, 0x00, 0x0E, 0xC7, 0x4D, 0x02, 0xB9, 0xF7, 0x0A, 0x00, 0x00, 0x00, 0x00,
    0x5D, 0xC5, 0x82, 0xEE, 0xFF, 0x18, 0x00, 0x00, 0x00, 0x00, 0x0E, 0xF7, 0xF2, 0x56, 0xFF, 0x18,
    0x00, 0x00, 0x00, 0x00, 0x00, 0x40, 0x31, 0x2C, 0xFF, 0x18, 0x00, 0x00, 0x00, 0x00, 0x00, 0x00,
    0x00, 0x2C, 0xFF, 0x18, 0x00, 0x00, 0x00, 0x00, 0x00, 0x00, 0x00, 0x2C, 0xFF, 0x18, 0x00, 0x00,
    0x00, 0x00, 0x00, 0x00, 0x00, 0x2C, 0xFF, 0x18, 0x00, 0x00, 0x00, 0x00, 0x00, 0x00, 0x00, 0x2C,
    0xFF, 0x18, 0x00, 0x00, 0x00, 0x00, 0x00, 0x00, 0x00, 0x2C, 0xFF, 0x18, 0x00, 0x00, 0x00, 0x00,
    0x00, 0x00, 0x00, 0x2C, 0xFF, 0x18, 0x00, 0x00, 0x00, 0x00, 0x00, 0x00, 0x00, 0x2C, 0xFF, 0x18,
    0x00, 0x00, 0x00, 0x00, 0x00, 0x00, 0x00, 0x2C, 0xFF, 0xD6, 0x4E, 0x00, 0x00, 0x00, 0x00, 0x00,
    0x00, 0x28, 0xD4, 0x32, 0xAC, 0x00, 0x00, 0x00, 0x00, 0x00, 0x00, 0x04, 0xBD, 0xF1, 0x56, 0x00,
    0x00, 0x00, 0x25, 0xA8, 0xE8, 0xFA, 0xE4, 0x93, 0x0C, 0x00, 0x00, 0x00, 0xA3, 0x5F, 0x19, 0x07,
    0x38, 0xDE, 0xA9, 0x00, 0x00, 0x00, 0x03, 0x00, 0x00, 0x00, 0x00, 0x6B, 0xE2, 0x00, 0x00, 0x00,
    0x00, 0x00, 0x00, 0x00, 0x00, 0x60, 0xE4, 0x00, 0x00, 0x00, 0x00, 0x00, 0x00, 0x00, 0x00, 0x60,
    0xE4, 0x00, 0x00, 0x00, 0x00, 0x00, 0x00, 0x00, 0x00, 0x60, 0xE4, 0x00, 0x00, 0x00, 0x00, 0x00,
    0x00, 0x00, 0x00, 0x60, 0xE4, 0x00, 0x00, 0x00, 0x00, 0x00, 0x00, 0x00, 0x00, 0x60, 0xE4, 0x00,
    0x00, 0x00, 0x00, 0x00, 0x00, 0x00, 0x00, 0x60, 0xE4, 0x00, 0x00, 0x00, 0x00, 0x00, 0x00, 0x00,
    0x00, 0x60, 0xE4, 0x00, 0x00, 0x00, 0x00, 0x00, 0x00, 0x00, 0x00, 0x60, 0xE4, 0x00, 0x00, 0x00,
    0x00, 0x00, 0x00, 0x00, 0x00, 0x00, 0x00, 0x00, 0x00, 0x00, 0x0E, 0xA3, 0xCE, 0xE6, 0xEE, 0x6A,
    0x00, 0x00, 0x00, 0x00, 0x94, 0xE0, 0xC9, 0x1E, 0x34, 0xF9, 0x45, 0x00, 0x00, 0x00, 0xAD, 0x64,
    0xB4, 0x32, 0x00, 0xD2, 0x6B, 0x00, 0x00, 0x00, 0x48, 0xEC, 0xCA, 0x09, 0x00, 0xD0, 0x6C, 0x00,
    0x00, 0x00, 0x00, 0x00, 0x00, 0x00, 0x00, 0xD0, 0x6C, 0x00, 0x00, 0x00, 0x00, 0x00, 0x00, 0x00,
    0x00, 0xD0, 0x6C, 0x00, 0x00, 0x00, 0x00, 0x00, 0x00, 0x00, 0x00, 0xD0, 0x6C, 0x00, 0x00, 0x00,
    0x00, 0x00, 0x00, 0x00, 0x00, 0xD0, 0x6C, 0x00, 0x00, 0x00, 0x00, 0x00, 0x00, 0x00, 0x00, 0xD0,
    0x6C, 0x00, 0x00, 0x00, 0x00, 0x00, 0x00, 0x00, 0x00, 0xD0, 0x6C, 0x00, 0x00, 0x00, 0x00, 0x00,
    0x00, 0x00, 0x00, 0xD0, 0x6C, 0x00, 0x00, 0x00, 0x00, 0x00, 0x00, 0x05, 0x49, 0x5B, 0x00, 0x00,
    0x7C, 0xE5, 0xFD, 0xFE, 0xD4, 0x39, 0x00, 0x3A, 0xE6, 0x31, 0x1B, 0xE2, 0xB6, 0x01, 0x00, 0x5C,
    0xFF, 0xD8, 0xFD, 0x7B, 0xB6, 0x16, 0x00, 0x40, 0xE8, 0x0B, 0x58, 0xEB, 0xC2, 0x01, 0x00, 0x00,
    0x00, 0x00, 0x00, 0x00, 0x00, 0x00, 0x00, 0x00, 0x00, 0x00, 0x00, 0x00, 0x00, 0x00, 0x00, 0x00,
    0x00, 0x00, 0x00, 0x00, 0x00, 0x00, 0x00, 0x00, 0x00, 0x00, 0x00, 0x00, 0x00, 0x00, 0x00, 0x00,
    0x00, 0x00, 0x00, 0x00, 0x00, 0x00, 0x00, 0x00, 0x00, 0x00, 0x00, 0x00, 0x00, 0x00, 0x00, 0x00,
    0x00, 0x00, 0x00, 0x00, 0x00, 0x00, 0x00, 0x00, 0x00, 0x00, 0x00, 0x00, 0x00, 0x00, 0x00, 0x00,
    0x00, 0x00, 0x00, 0x00, 0x00, 0x00, 0x00, 0x00, 0x00, 0x00, 0x00, 0x00, 0x00, 0x00, 0x00, 0xC4,
    0x74, 0x00, 0xC4, 0x74, 0x00, 0xC4, 0x74, 0x00, 0x00, 0x00, 0x00, 0x00, 0x00, 0x00, 0x00, 0x00,
    0x00, 0x00, 0x00, 0x00, 0x00, 0x00, 0x00, 0x00, 0x00, 0x00, 0x00, 0x00, 0x00, 0x00, 0x00, 0x00,
    0x00, 0x00, 0x00, 0x00, 0x00, 0x00, 0x00, 0x00, 0x00, 0x00, 0x00, 0x00, 0x00, 0x00, 0x00, 0x00,
    0x00, 0x00, 0x00, 0xCE, 0xCE, 0x01, 0x20, 0x2F, 0x00, 0x78, 0xD5, 0x38, 0xC0, 0x20, 0x00, 0x93,
    0xB3, 0x69, 0x06, 0x00, 0x00, 0x00, 0x00, 0x00, 0x00, 0x00, 0x00, 0x00, 0x00, 0x00, 0x00, 0x00,
    0x00, 0x00, 0x00, 0x00, 0x00, 0x00, 0x00, 0x00, 0x00, 0x00, 0x00, 0x00, 0x00, 0x00, 0x00, 0x00,
    0x00, 0x00, 0x00, 0x00, 0x00, 0x00, 0x00, 0x00, 0x00, 0x00, 0x00, 0x00, 0x00, 0x00, 0x00, 0x00,
    0x00, 0x00, 0x00, 0x00, 0x00, 0x00, 0x00, 0x00, 0x00, 0x00, 0x00, 0x00, 0x00, 0x00, 0x00, 0x00,
    0x00, 0x00, 0x00, 0x00, 0x00, 0x00, 0x00, 0x00, 0x00, 0x00, 0x00, 0x00, 0x00, 0x00, 0x00, 0x00,
    0x00, 0x00, 0x00, 0x00, 0x00, 0x00, 0x00, 0x00, 0x00, 0x86, 0xB2, 0xCD, 0x32, 0x88, 0x00, 0x01,
    0xFA, 0xE1, 0x3E, 0xAF, 0x8E, 0x00, 0x00, 0xBA, 0xAE, 0x44, 0x8D, 0x06, 0x00, 0x00, 0x00, 0x00,
    0x00, 0x00, 0x00, 0x00, 0x00, 0x00, 0x00, 0x00, 0x00, 0x00, 0x00, 0x00, 0x00, 0x00, 0x00, 0x00,
    0x00, 0x00, 0x00, 0x00, 0x00, 0x00, 0x00, 0x00, 0x00, 0x00, 0x00, 0x00, 0x00, 0x00, 0x00, 0x00,
    0x00, 0x00, 0x00, 0x00, 0x00, 0x00, 0x00, 0x00, 0x00, 0x00, 0x00, 0x00, 0x00, 0x00, 0x00, 0x00,
    0x00, 0x00, 0x00, 0x00, 0x00, 0x00, 0x00, 0x00, 0x00, 0x00, 0x00, 0x00, 0x00, 0x00, 0x00, 0x00,
    0x00, 0x00, 0x00, 0x00, 0x00, 0x00, 0x00, 0x00, 0x00, 0x00, 0x00, 0x00, 0x00, 0x00, 0x00, 0x00,
    0x00, 0x00, 0x00, 0x00, 0x00, 0x00, 0x00, 0x00, 0x00, 0x00, 0x00, 0x00, 0x00, 0x00, 0x00, 0x00,
    0xD0, 0x70, 0x00, 0xF0, 0xFF, 0xFF, 0x8C, 0x00, 0xD0, 0x70, 0x00, 0x00, 0x00, 0x00, 0x00, 0x00,
    0x00, 0x00, 0x00, 0x00, 0x00, 0x00, 0x00, 0x00, 0x00, 0x00, 0x00, 0x00, 0x00, 0x00, 0x00, 0x00,
    0x00, 0x00, 0x00, 0x00, 0x00, 0x00, 0x00, 0x00, 0x00, 0x00, 0x00, 0x00, 0x00, 0x00, 0x00, 0x00,
    0x00, 0x00, 0x00, 0x00, 0x00, 0x00, 0x00, 0x00, 0x00, 0x00, 0x00, 0x00, 0x00, 0x00, 0x00, 0x00,
    0x00, 0x00, 0x00, 0x00, 0x00, 0x00, 0x31, 0xCC, 0x19, 0x37, 0xA4, 0xC6, 0xAA, 0x4A, 0x00, 0xDC,
    0xB5, 0x95, 0x00, 0x00, 0x00, 0x9C, 0xF5, 0x61, 0x00, 0x00, 0x00, 0x00, 0x00, 0x00, 0x00, 0x00,
    0x00, 0x00, 0x00, 0x00, 0x00, 0x00, 0x00, 0x00, 0x00, 0x00, 0x00, 0x00, 0x00, 0x00, 0x00, 0x00,
    0x00, 0x00, 0x00, 0x00, 0x00, 0x00, 0x00, 0x00, 0x00, 0x00, 0x00, 0x00, 0x00, 0x00, 0x00, 0x00,
    0x00, 0x00, 0x00, 0x00, 0x00, 0x00, 0x00, 0x00, 0x00, 0x00, 0x00, 0x00, 0x00, 0x00, 0x00, 0x00,
    0x00, 0x00, 0x00, 0x00, 0x00, 0x00, 0x00, 0x00, 0x00, 0x00, 0x00, 0x00, 0x00, 0x00, 0x00, 0x00,
    0x00, 0x00, 0x00, 0x00, 0x00, 0x00, 0x00, 0x00, 0x00, 0x76, 0xF4, 0xAD, 0x02, 0xD6, 0x2C, 0xCB,
    0x16, 0x72, 0xF4, 0xAA, 0x00, 0x00, 0x00, 0x00, 0x00, 0x00, 0x00, 0x00, 0x00, 0x00, 0x00, 0x00,
    0x00, 0x00, 0x00, 0x00, 0x00, 0x00, 0x00, 0x00, 0x00, 0x00, 0x00, 0x00, 0x00, 0x00, 0x00, 0x00,
    0x00, 0x00, 0x00, 0x00, 0x00, 0x00, 0x00, 0x00, 0x00, 0x00, 0x00, 0x00, 0x00, 0x00, 0x39, 0xCB,
    0xDE, 0xB7, 0x04, 0x00, 0xB0, 0xC5, 0x01, 0x00, 0x00, 0x1F, 0xC8, 0xE3, 0x7B, 0x00, 0x00, 0x99,
    0xD3, 0x01, 0x00, 0x00, 0x00, 0x3E, 0xDF, 0xD6, 0x60, 0x00, 0x00, 0x00, 0x00, 0x00, 0x00, 0x00,
    0x00, 0x00, 0x00, 0x00, 0x00, 0x00, 0x00, 0x00, 0x00, 0x00, 0x00, 0x00, 0x00, 0x00, 0x00, 0x00,
    0x00, 0x00, 0x00, 0x00, 0x00, 0x00, 0x00, 0x00, 0x00, 0x00, 0x00, 0x00, 0x00, 0x00, 0x00, 0x00,
    0x00, 0x00, 0x00, 0x00, 0x00, 0x00, 0x00, 0x00, 0x00, 0x00, 0x00, 0x00, 0x00, 0x00, 0x00, 0x00,
    0x00, 0x00, 0x00, 0x00, 0x00, 0x00, 0x00, 0x00, 0x00, 0x57, 0xCB, 0xF7, 0xF0, 0xB3, 0x2E, 0x00,
    0x00, 0x00, 0x70, 0xB7, 0xC3, 0xFC, 0xF8, 0xA2, 0xD1, 0x30, 0x00, 0x0E, 0xA8, 0x51, 0xFF, 0xFF,
    0xFF, 0xF2, 0x29, 0xA5, 0x00, 0x40, 0x50, 0x7C, 0xFF, 0xFF, 0xFF, 0xFF, 0x2D, 0x98, 0x00, 0x40,
    0x50, 0x4C, 0xFF, 0xFF, 0xFF, 0xF1, 0x0B, 0x91, 0x00, 0x0E, 0xAA, 0x01, 0x8A, 0xEF, 0xDE, 0x4E,
    0x1D, 0x9C, 0x00, 0x00, 0x75, 0xB8, 0x3B, 0x0D, 0x18, 0x54, 0xD2, 0x28, 0x00, 0x00, 0x00, 0x5B,
    0xCD, 0xF8, 0xF1, 0xB6, 0x31, 0x00, 0x00, 0x00, 0x00, 0x61, 0xD6, 0xF8, 0xEB, 0xA9, 0x1F, 0x00,
    0x00, 0x00, 0x3A, 0xF8, 0x5B, 0x0D, 0x1A, 0xAC, 0xD3, 0x00, 0x00, 0x00, 0x8D, 0xAB, 0x00, 0x00,
    0x00, 0x26, 0xFF, 0x1E, 0x00, 0x00, 0x82, 0xAE, 0x00, 0x00, 0x00, 0x1F, 0xFF, 0x14, 0x00, 0x00,
    0x30, 0xF8, 0x5C, 0x0A, 0x19, 0xA9, 0xC3, 0x00, 0x00, 0x00, 0x00, 0x46, 0xC8, 0xF1, 0xF0, 0xAD,
    0x1B, 0x00, 0x00, 0x00, 0x00, 0x58, 0xCE, 0xF7, 0xE7, 0xB4, 0x2C, 0x00, 0x00, 0x00, 0x4D, 0xEB,
    0x51, 0x10, 0x1F, 0xAB, 0xE8, 0x0B, 0x00, 0x00, 0xB4, 0x74, 0x42, 0xEE, 0x78, 0x0C, 0xFA, 0x49,
    0x00, 0x00, 0xC6, 0x6B, 0x86, 0x33, 0xBF, 0x00, 0xE4, 0x4E, 0x00, 0x00, 0x74, 0xC9, 0x38, 0xC6,
    0xAD, 0x1D, 0xEB, 0x0F, 0x00, 0x00, 0x06, 0x98, 0xF0, 0xCD, 0x29, 0xB5, 0x59, 0x00, 0x00, 0x00,
    0x00, 0x00, 0x00, 0x16, 0x9C, 0x43, 0x00, 0x00, 0x00, 0x73, 0xA2, 0x02, 0x00, 0x00, 0x00, 0x00,
    0x00, 0x00, 0x00, 0x16, 0xEF, 0x53, 0x00, 0x00, 0x00, 0x00, 0x00, 0x00, 0x00, 0x00, 0xB6, 0x7D,
    0x00, 0x00, 0x00, 0x00, 0x00, 0x00, 0x00, 0x00, 0xB0, 0x80, 0x2E, 0xE7, 0xD2, 0xE4, 0xDD, 0x20,
    0x00, 0x00, 0xB0, 0x80, 0x8C, 0xDA, 0xBC, 0x0E, 0xCB, 0x78, 0x00, 0x00, 0xB0, 0x80, 0x8D, 0x92,
    0xAB, 0x00, 0xB0, 0x80, 0x00, 0x00, 0xB0, 0x81, 0x28, 0xE8, 0xA5, 0x00, 0xB0, 0x80, 0x00, 0x00,
    0x99, 0xB4, 0x04, 0x00, 0x00, 0x16, 0xD9, 0x70, 0x00, 0x00, 0x39, 0xE1, 0xFF, 0xFF, 0xFF, 0xFF,
    0xCC, 0x14, 0x00, 0x00, 0x38, 0xD6, 0xF2, 0x94, 0xCA, 0xF7, 0xAC, 0x07, 0x00, 0x01, 0xE0, 0x70,
    0x21, 0xF2, 0x9F, 0x17, 0xD1, 0x75, 0x00, 0x1F, 0xFC, 0x05, 0x00, 0xC6, 0x46, 0x00, 0x84, 0xB2,
    0x00, 0x2B, 0xFE, 0xC7, 0x53, 0xC0, 0x40, 0x00, 0x76, 0xB9, 0x00, 0x0E, 0xF9, 0x43, 0x94, 0xC0,
    0x40, 0x00, 0xA5, 0x89, 0x00, 0x00, 0x77, 0xEF, 0x50, 0xC0, 0x40, 0x15, 0xED, 0x26, 0x00, 0x00,
    0x00, 0x00, 0x00, 0x00, 0x00, 0x00, 0x5F, 0x38, 0x00, 0x00, 0x00, 0x00, 0x00, 0x00, 0x00, 0x00,
    0xAA, 0x73, 0x00, 0x00, 0x00, 0x00, 0x00, 0x00, 0x08, 0x5A, 0xEE, 0x15, 0x00, 0x00, 0x13, 0xAD,
    0xED, 0xFD, 0xF9, 0xCF, 0x3E, 0x00, 0x00, 0x00, 0xA7, 0xC0, 0x20, 0x35, 0xE7, 0xBF, 0x00, 0x00,
    0x00, 0x00, 0xE9, 0x45, 0x00, 0x9E, 0x87, 0xA6, 0x0F, 0x00, 0x00, 0x00, 0xE5, 0x3B, 0x00, 0xA3,
    0xEA, 0xBE, 0x00, 0x00, 0x00, 0x00, 0xB5, 0x79, 0x00, 0x64, 0xA3, 0x07, 0x00, 0x00, 0x00, 0x00,
    0x2F, 0xDE, 0xE2, 0xFE, 0xFF, 0xF4, 0xA2, 0x00, 0x00, 0x00, 0x00, 0x00, 0x00, 0x00, 0x00, 0x00,
    0x66, 0x3D, 0x00, 0x00, 0x00, 0x00, 0x12, 0xD7, 0xDE, 0x18, 0xBD, 0x57, 0x00, 0x00, 0x00, 0x10,
    0x56, 0xCD, 0xCA, 0xC4, 0xA1, 0x02, 0x00, 0x00, 0x3E, 0xE1, 0x85, 0x49, 0x2A, 0x11, 0x00, 0x00,
    0x00, 0x00, 0xBF, 0x65, 0x00, 0x41, 0xE9, 0xAD, 0x00, 0x00, 0x00, 0x00, 0xEF, 0x33, 0x00, 0xAE,
    0x7C, 0xAE, 0x07, 0x00, 0x00, 0x00, 0xF5, 0x3C, 0x00, 0xA8, 0xE8, 0xB4, 0x00, 0x00, 0x00, 0x00,
    0xBD, 0x9D, 0x0B, 0x7F, 0xAC, 0x1A, 0x00, 0x00, 0x00, 0x00, 0x38, 0xE7, 0xEB, 0xAC, 0xA9, 0xE7,
    0xB6, 0x00, 0x00, 0x69, 0xC7, 0x04, 0x00, 0x00, 0x00, 0x00, 0x00, 0x00, 0x00, 0x07, 0xB3, 0x5F,
    0x00, 0x00, 0x00, 0x00, 0x00, 0x00, 0x00, 0x00, 0x41, 0xA2, 0x00, 0x00, 0x00, 0x00, 0x00, 0x00,
    0x00, 0x00, 0x0C, 0xE8, 0xD5, 0xF9, 0xF6, 0xB9, 0x28, 0x00, 0x00, 0x00, 0x00, 0x69, 0x30, 0x07,
    0x14, 0x98, 0xD7, 0x02, 0x00, 0x00, 0x00, 0x7B, 0xF1, 0x4C, 0x00, 0x17, 0xFF, 0x25, 0x00, 0x00,
    0x00, 0xC3, 0x31, 0x91, 0x00, 0x1D, 0xFF, 0x1A, 0x00, 0x00, 0x00, 0xA2, 0xD2, 0x2F, 0x11, 0x9D,
    0xD3, 0x01, 0x00, 0x00, 0x00, 0x14, 0xAD, 0xED, 0xF0, 0xB2, 0x21, 0x00, 0x00, 0x00, 0x00, 0x00,
    0x00, 0x00, 0x00, 0x00, 0xAE, 0x31, 0x00, 0x00, 0x00, 0x00, 0x00, 0x00, 0x00, 0x00, 0x8E, 0x97,
    0x00, 0x00, 0x00, 0x00, 0x00, 0x00, 0x00, 0x00, 0x56, 0xCD, 0x00, 0x00, 0x92, 0xEE, 0xA8, 0xEF,
    0x94, 0x00, 0x48, 0xE2, 0x00, 0x3D, 0xF7, 0x22, 0xC4, 0x33, 0xFF, 0x25, 0x5A, 0xC7, 0x00, 0x6C,
    0xC6, 0x00, 0x05, 0x00, 0xFA, 0x3E, 0x95, 0x8A, 0x00, 0x66, 0xD0, 0xCD, 0x5F, 0x03, 0xFE, 0x37,
    0xE5, 0x21, 0x00, 0x31, 0xFF, 0x52, 0xA0, 0x31, 0xE9, 0xB4, 0x60, 0x00, 0x00, 0x00, 0x8D, 0xEF,
    0x5C, 0x80, 0xC0, 0x47, 0x00, 0x00, 0x00, 0x00, 0x00, 0x00, 0x00, 0x00, 0x00, 0x00, 0x5B, 0x38,
    0x00, 0x00, 0x00, 0x00, 0x00, 0x00, 0x00, 0x00, 0xB4, 0x65, 0x00, 0x00, 0x00, 0x0B, 0x38, 0x46,
    0x58, 0xAA, 0xD9, 0x10, 0x00, 0x00, 0x2B, 0xE3, 0x89, 0x5E, 0x5B, 0x48, 0x07, 0x00, 0x00, 0x00,
    0xAC, 0x90, 0x00, 0x00, 0x00, 0x00, 0x00, 0x00, 0x00, 0x00, 0xDD, 0x5D, 0x00, 0x00, 0x00, 0xC3,
    0xCB, 0x07, 0x00, 0x00, 0xDB, 0x65, 0x21, 0xA1, 0x13, 0x9B, 0x86, 0x33, 0x00, 0x00, 0x99, 0xCA,
    0x96, 0xD5, 0x75, 0x8B, 0xD4, 0x1E, 0x00, 0x00, 0x0E, 0xAB, 0xF2, 0x2F, 0xAC, 0xF7, 0x95, 0x00,
    0x00, 0x00, 0x00, 0x00, 0x00, 0x00, 0x00, 0x00, 0x00, 0xA0, 0x01, 0x00, 0x00, 0x00, 0x00, 0x00,
    0x00, 0x00, 0x00, 0xE6, 0x08, 0x00, 0x00, 0x00, 0x00, 0x00, 0x06, 0x3D, 0x06, 0xF1, 0x00, 0x00,
    0x35, 0xD6, 0xF0, 0xB7, 0x6D, 0xF6, 0x8C, 0xB8, 0x00, 0x01, 0xD7, 0x84, 0x18, 0xB8, 0xFC, 0x53,
    0xBE, 0x44, 0x00, 0x1D, 0xFF, 0x0F, 0x00, 0x20, 0xFC, 0x4F, 0x00, 0x00, 0x00, 0x23, 0xFE, 0x1E,
    0xE0, 0x86, 0xB4, 0x7A, 0x00, 0x00, 0x00, 0x03, 0xDE, 0x9E, 0x62, 0xB4, 0x44, 0xDC, 0x06, 0x00,
    0x00, 0x00, 0x2B, 0xC4, 0xF8, 0x86, 0x00, 0xA4, 0x3D, 0x00, 0x00, 0x00, 0x01, 0x9F, 0xF6, 0x8D,
    0x00, 0x4F, 0xFF, 0x10, 0xD4, 0x8C, 0x00, 0x00, 0x3A, 0xF3, 0x26, 0xF5, 0x02, 0x84, 0xFF, 0x10,
    0xD4, 0x8C, 0x00, 0x00, 0x4B, 0xFF, 0xF8, 0x99, 0x07, 0xE0, 0xFF, 0x10, 0xD4, 0x8C, 0x00, 0x00,
    0x14, 0xF3, 0x5F, 0x10, 0xA5, 0xE8, 0xFF, 0x10, 0xD4, 0x8C, 0x00, 0x00, 0x00, 0x4A, 0xD8, 0xF4,
    0xA9, 0x5B, 0xFF, 0x10, 0xD4, 0x8C, 0x00, 0x00, 0x00, 0x00, 0x00, 0x00, 0x00, 0x4C, 0xFF, 0x10,
    0xD4, 0x8C, 0x00, 0x00, 0x00, 0x00, 0x00, 0x00, 0x00, 0x4D, 0xFF, 0x0F, 0xD4, 0x8B, 0x00, 0x00,
    0x00, 0x00, 0x00, 0x00, 0x15, 0xA5, 0xE7, 0x0D, 0xEE, 0x79, 0x00, 0x00, 0x00, 0x00, 0x00, 0x00,
    0x4B, 0xDF, 0x3F, 0x6D, 0xCA, 0x14, 0x00, 0x00, 0x00, 0x03, 0x7A, 0xE1, 0xFB, 0xC3, 0x2E, 0x00,
    0x00, 0x00, 0x00, 0x00, 0x00, 0x00, 0x00, 0x00, 0x00, 0x00, 0x00, 0x00, 0xA5, 0xE4, 0x43, 0x3E,
    0xD3, 0xE7, 0x0A, 0x21, 0x00, 0x00, 0x00, 0x00, 0x00, 0x00, 0x00, 0x00, 0x00, 0x00, 0x41, 0xFF,
    0x41, 0x23, 0xF9, 0xC5, 0xFF, 0x51, 0xFF, 0x4C, 0x7A, 0x1D, 0x2C, 0x00, 0x00, 0x00, 0x00, 0x00,
    0x00, 0x8B, 0xEA, 0x00, 0x4C, 0xE7, 0x16, 0xF9, 0x52, 0xFF, 0x90, 0xE2, 0x92, 0xE9, 0xA0, 0x50,
    0x32, 0x15, 0x00, 0x00, 0x9D, 0xD8, 0x00, 0x09, 0xB7, 0xF6, 0x9F, 0x4B, 0xE3, 0xE0, 0xFC, 0xF3,
    0xF9, 0xFA, 0xF7, 0xBA, 0x9D, 0x26, 0x00, 0x7F, 0xF4, 0x05, 0x00, 0x00, 0x00, 0x00, 0xA2, 0x86,
    0xD6, 0xB6, 0xEB, 0x94, 0xA8, 0x7B, 0x01, 0x00, 0x00, 0x00, 0x2A, 0xFC, 0x58, 0x00, 0x00, 0x00,
    0x2E, 0xEE, 0x1D, 0x67, 0x49, 0x24, 0x04, 0x00, 0x00, 0x00, 0x00, 0x00, 0x00, 0x00, 0x84, 0xEC,
    0x47, 0x09, 0x56, 0xE9, 0x5B, 0x00, 0x00, 0x00, 0x00, 0x00, 0x00, 0x00, 0x00, 0x00, 0x00, 0x00,
    0x00, 0x00, 0x67, 0xD4, 0xF6, 0xD0, 0x50, 0x00, 0x00, 0x00, 0x00, 0x00, 0x00, 0x00, 0x00, 0x00,
    0x00, 0x00, 0x70, 0xFF, 0xFF, 0xFF, 0xFF, 0xFF, 0xFF, 0xFF, 0xFF, 0x08, 0x00, 0x00, 0x00, 0x00,
    0x00, 0x00, 0x00, 0x00, 0x00, 0x00, 0x00, 0x00, 0x00, 0x00, 0x00, 0x00, 0x00, 0x00, 0x00, 0x00,
    0x00, 0x00, 0x00, 0x00, 0x00, 0x00, 0x00, 0x00, 0x00, 0x00, 0x00, 0x00, 0x00, 0x00, 0x00, 0x00,
    0x00, 0x00, 0x00, 0x00, 0x00, 0x00, 0x2E, 0xB9, 0xF5, 0xE6, 0x88, 0x08, 0x00, 0x00, 0x00, 0x1B,
    0xEF, 0xFF, 0xFF, 0xFF, 0xFF, 0xA3, 0x00, 0x00, 0x00, 0x73, 0xFF, 0xFF, 0xFF, 0xFF, 0xFF, 0xFD,
    0x0D, 0x00, 0x00, 0x74, 0xFF, 0xFF, 0xFF, 0xFF, 0xFF, 0xFD, 0x0D, 0x00, 0x00, 0x1C, 0xF0, 0xFF,
    0xFF, 0xFF, 0xFF, 0xA0, 0x00, 0x00, 0x00, 0x00, 0x31, 0xBE, 0xF6, 0xE8, 0x8D, 0x08, 0x00, 0x00,
    0x00, 0x00, 0x00, 0x00, 0x00, 0x00, 0x00, 0x00, 0x00, 0x00, 0x00, 0x00, 0x00, 0x00, 0x00, 0x00,
    0x00, 0x00, 0x00, 0x00, 0x00, 0x00, 0x00, 0x00, 0x00, 0x00, 0x00, 0x00, 0x00, 0x00,
};
